-- phpMyAdmin SQL Dump
-- version 5.2.1
-- https://www.phpmyadmin.net/
--
-- Host: 127.0.0.1
-- Tempo de geração: 18/02/2025 às 14:56
-- Versão do servidor: 10.4.32-MariaDB
-- Versão do PHP: 8.2.12

SET SQL_MODE = "NO_AUTO_VALUE_ON_ZERO";
START TRANSACTION;
SET time_zone = "+00:00";


/*!40101 SET @OLD_CHARACTER_SET_CLIENT=@@CHARACTER_SET_CLIENT */;
/*!40101 SET @OLD_CHARACTER_SET_RESULTS=@@CHARACTER_SET_RESULTS */;
/*!40101 SET @OLD_COLLATION_CONNECTION=@@COLLATION_CONNECTION */;
/*!40101 SET NAMES utf8mb4 */;

--
-- Banco de dados: `bd_ciops`
--

-- --------------------------------------------------------

--
-- Estrutura para tabela `comentarios`
--

CREATE TABLE `comentarios` (
  `id` int(11) NOT NULL,
  `id_ocorrencia` int(11) NOT NULL,
  `id_usuario` int(11) NOT NULL,
  `comentario` text NOT NULL,
  `dataComentario` datetime DEFAULT current_timestamp()
) ENGINE=InnoDB DEFAULT CHARSET=utf8mb4 COLLATE=utf8mb4_general_ci;

-- --------------------------------------------------------

--
-- Estrutura para tabela `ocorrencias`
--

CREATE TABLE `ocorrencias` (
  `id` int(11) NOT NULL,
  `dataHora` datetime DEFAULT NULL,
  `localizacao` varchar(255) DEFAULT NULL,
  `referencia` varchar(255) DEFAULT NULL,
  `bairro` varchar(100) DEFAULT NULL,
  `cidade` varchar(100) DEFAULT NULL,
  `tipo` varchar(100) DEFAULT NULL,
  `subtipo` varchar(100) DEFAULT NULL,
  `solicitante` varchar(255) DEFAULT NULL,
  `telefone` varchar(20) DEFAULT NULL,
  `status` enum('Aberta','Despachada','Retida','Finalizada') DEFAULT 'Aberta'
) ENGINE=InnoDB DEFAULT CHARSET=utf8mb4 COLLATE=utf8mb4_general_ci;

--
-- Despejando dados para a tabela `ocorrencias`
--

INSERT INTO `ocorrencias` (`id`, `dataHora`, `localizacao`, `referencia`, `bairro`, `cidade`, `tipo`, `subtipo`, `solicitante`, `telefone`, `status`) VALUES
(157, '2025-02-13 15:43:00', 'ocorrencia de TODOS', 'ocorrencia de TODOS', 'ocorrencia de TODOS', 'ocorrencia de TODOS', '[A900] TREINAMENTO', '[A900A] SIMULADO', 'ocorrencia de TODOS', 'ocorrencia de TODOS', 'Aberta'),
(158, '2025-02-13 15:44:00', 'ocorrencia de PM', 'ocorrencia de PM', 'ocorrencia de PM', 'ocorrencia de PM', '[M310] ROUBO', '[M310B] A PESSOA', 'ocorrencia de PM', 'ocorrencia de PM', 'Aberta'),
(159, '2025-02-13 15:45:00', 'ocorrencia de BM', 'ocorrencia de BM', 'ocorrencia de BM', 'ocorrencia de BM', '[IV1] INCÊNDIO EM VEGETAÇÃO - ÁREA PÚBLICA', '[IV1B] S/ VÍTIMA', 'ocorrencia de BM', 'ocorrencia de BM', 'Aberta'),
(160, '2025-02-13 15:45:00', 'ocorrencia de GCMS', 'ocorrencia de GCMS', 'ocorrencia de GCMS', 'ocorrencia de GCMS', '[A8] SEMÁFORO COM DEFEITO', '[A8I] TRAVADO', 'ocorrencia de GCMS', 'ocorrencia de GCMS', 'Aberta');

-- --------------------------------------------------------

--
-- Estrutura para tabela `ocorrencia_responsavel`
--

CREATE TABLE `ocorrencia_responsavel` (
  `id` int(11) NOT NULL,
  `idOcorrencia` int(11) NOT NULL,
  `idTipo` int(11) NOT NULL
) ENGINE=InnoDB DEFAULT CHARSET=utf8mb4 COLLATE=utf8mb4_general_ci;

--
-- Despejando dados para a tabela `ocorrencia_responsavel`
--

INSERT INTO `ocorrencia_responsavel` (`id`, `idOcorrencia`, `idTipo`) VALUES
(15, 157, 50),
(16, 157, 50),
(17, 157, 50),
(18, 158, 228),
(19, 159, 213),
(20, 160, 35);

-- --------------------------------------------------------

--
-- Estrutura para tabela `subtipos`
--

CREATE TABLE `subtipos` (
  `idSubtipo` int(11) NOT NULL,
  `nomeSubtipo` varchar(10000) NOT NULL,
  `idTipo` int(11) NOT NULL
) ENGINE=InnoDB DEFAULT CHARSET=utf8mb4 COLLATE=utf8mb4_general_ci;

--
-- Despejando dados para a tabela `subtipos`
--

INSERT INTO `subtipos` (`idSubtipo`, `nomeSubtipo`, `idTipo`) VALUES
(1, '[A10A] ENCOBERTA', 20),
(2, '[A10B] RECOLHIMENTO', 20),
(3, '[A12A] BLOQUEADA TOTALMENTE', 22),
(4, '[A12B] BLOQUEADA PARCIALMENTE', 22),
(5, '[A12C] COM BURACOS', 22),
(6, '[A12D] COM LOMBADAS FÍSICAS IRREGULARES', 22),
(7, '[A12E] PRIVATIZADA IRREGULARMENTE', 22),
(8, '[A13A] TOTAL', 23),
(9, '[A13B] PARCIAL', 23),
(10, '[A8A] COM AMARELO INTERMITENTE', 35),
(11, '[A8B] APAGADO', 35),
(12, '[A8C] COM BOTEIRA DANIFICADA', 35),
(13, '[A8D] COM CICLO INVERTIDO', 35),
(14, '[A8E] COM LUZ QUEIMADA', 35),
(15, '[A8F] COM TEMPO CURTO', 35),
(16, '[A8G] SEM SINCRONIA', 35),
(17, '[A8H] SEM COMUNICAÇÃO', 35),
(18, '[A8I] TRAVADO', 35),
(19, '[A8J] COM RISCO DE QUEDA', 35),
(20, '[A900A] SIMULADO', 50),
(21, '[A900B] AULA', 50),
(22, '[B10A] AGENTE QUÍMICO', 51),
(23, '[B10B] AGENTE BIOLÓGICO', 51),
(24, '[B10C] AGENTE RADIOATIVO', 51),
(25, '[B10D] EXPLOSIVOS', 51),
(26, '[B10E] INFLAMÁVEIS', 51),
(27, '[B10F] SUBSTÂNCIAS PERIGOSAS DIVERSAS', 51),
(28, '[B11A] COM DIFICULDADE DE LOCOMOÇÃO', 52),
(29, '[B11B] ELEVADOR', 52),
(30, '[B11C] ESPAÇO CONFINADO', 52),
(31, '[B11D] PRESA EM RESIDÊNCIA', 52),
(32, '[B11E] A DERIVA OU EM EMBARCAÇÕES À DERIVA', 52),
(33, '[B11F] OUTROS', 52),
(34, '[B12A] ESPAÇO CONFINADO', 53),
(35, '[B12B] SOTERRADO', 53),
(36, '[B12C] MEIO AQUÁTICO - SUPERFÍCIE', 53),
(37, '[B12D] MEIO AQUÁTICO - SUBMERSO', 53),
(38, '[B12E] OUTROS', 53),
(39, '[B13A] MARINHOS', 54),
(40, '[B13B] AVES', 54),
(41, '[B13C] CÃES', 54),
(42, '[B13D] CASSACO, GAMBÁ E SIMILARES', 54),
(43, '[B13E] COBRA', 54),
(44, '[B13F] GATO', 54),
(45, '[B13G] IGUANA E SIMILARES', 54),
(46, '[B13H] OUTROS', 54),
(50, '[A11A] EM ÂNGULO', 21),
(51, '[A11B] EM ÁREA DE EMBARQUE/DESEMBARQUE', 21),
(52, '[A11C] EM DESACORDO C/A SINALIZAÇÃO', 21),
(53, '[A11D] EM FILA DUPLA', 21),
(54, '[A11E] EM PROIBIDO ESTACIONAR', 21),
(55, '[A11F] EM PROIBIDO PARAR E ESTACIONAR', 21),
(56, '[A11G] EM VAGA DE CARGA/ DESCARGA', 21),
(57, '[A11H] EM VAGA DE CARRO PAGADOR', 21),
(58, '[A11I] EM VAGA DE DEFICIENTE', 21),
(59, '[A11J] EM VAGA DE MOTOS', 21),
(60, '[A11L] EM ZONA AZUL S/CARTÃO', 21),
(61, '[A11M] JJNTO/SOBRE CANTEIRO CENTRAL', 21),
(62, '[A11N] NA CONTRAMÃO DE DIREÇÃO', 21),
(63, '[A11O] NA ESQUINA', 21),
(64, '[A11P] EM PARADA DE ÔNIBUS', 21),
(65, '[A11Q] SOBRE CALÇADA', 21),
(66, '[A11R] SOBRE FAIXA DE PEDESTRE', 21),
(67, '[A11S] SOBRE PRAÇA', 21),
(68, '[A11T] EM VAGA DE AMBULÂNCIA', 21),
(69, '[A11U] IMPEDINDO GARAGEM', 21),
(70, '[A11V] MOV. DE OUTRO VEICULO', 21),
(71, '[A11W] PARTICULAR EM VAGA OFICIAL', 21),
(72, '[A11X] PARTICULAR EM VAGA DE TAXI', 21),
(73, '[A11Y] EM VAGA DE IDOSO', 21),
(74, '[A11Z] PARTICULAR EM VAGA DE MOTO-TAXI', 21),
(75, '[B2A] ESPAÇO CONFINADO', 56),
(76, '[B2B] SOTERRADO', 56),
(77, '[B2C] MEIO AQUÁTICO - SUPERFÍCIE', 56),
(78, '[B2D] MEIO AQUÁTICO - SUBMERSO', 56),
(79, '[B2E] OUTROS', 56),
(80, '[B3A] DE CADÁVER', 57),
(81, '[B3B] DE PESSOAS S/ LESÃO', 57),
(82, '[B3C] DE PESSOAS C/ LESÃO', 57),
(83, '[B3D] DE ANIMAIS', 57),
(84, '[B3E] DE BENS', 57),
(85, '[B3F] OUTROS', 57),
(86, '[B5A] ABELHAS', 59),
(87, '[B5B] VESPAS', 59),
(88, '[B5C] MARIMBONDOS', 59),
(89, '[B6A] COM VÍTIMA', 60),
(90, '[B6B] SEM VÍTIMA', 60),
(91, '[B8A] RADIOLOGICO E/OU NUCLEAR', 62),
(92, '[C412A] DE GANGUES', 66),
(93, '[C412B] DE FAMÍLIA', 66),
(94, '[C426A] EM CARRO', 72),
(95, '[C426B] EM RESIDÊNCIA', 72),
(96, '[C426C] EM ESTAB. COMERCIAL', 72),
(97, '[C426D] OUTROS', 72),
(98, '[C427A] POLUIÇÃO SONORA - EM CARRO', 73),
(99, '[C427B] POLUIÇÃO SONORA - EM RESIDÊNCIA', 73),
(100, '[C427C] POLUIÇÃO SONORA - EM ESTAB. COMERCIAL', 73),
(101, '[C427D] DESCARTE IRREGULAR DE RESÍDUOS SÓLIDOS', 73),
(102, '[C430A] A ADOLESCENTE', 74),
(103, '[C430B] A MAIOR DE IDADE', 74),
(104, '[C430C] A CRIANÇA', 74),
(105, '[C446A] EM ESPAÇO PÚBLICO', 83),
(106, '[C500A] VIOLÊNCIA FÍSICA', 84),
(107, '[C500B] VIOLÊNCIA PSICOLÓGICA', 84),
(108, '[C500C] VIOLÊNCIA PATRIMONIAL', 84),
(109, '[C500D] VIOLÊNCIA MORAL', 84),
(110, '[C500E] VIOLÊNCIA SEXUAL', 84),
(111, '[D6A] VERIFICAÇÃO', 88),
(112, '[D6B] PROPRIEDADE PARTICULAR', 88),
(113, '[D6C] PROPRIEDADE PÚBLICA', 88),
(114, '[D6D] VIA PÚBLICA', 88),
(115, '[D99A] USA', 89),
(116, '[D99B] USB', 89),
(117, '[E45A] EM IMÓVEIS MUNICIPAIS', 94),
(118, '[E514B] COM DANO', 96),
(119, '[E514A] SEM DANO', 96),
(120, '[E522A] MACONHA', 102),
(121, '[E522B] COCAÍNA', 102),
(122, '[E522C] OUTROS', 102),
(123, '[E524A] MACONHA', 103),
(124, '[E524B] COCAÍNA', 103),
(125, '[E524C] OUTROS', 103),
(126, '[E524D] CRACK', 103),
(127, '[E526A] MACONHA', 104),
(128, '[E526B] COCAÍNA', 104),
(129, '[E526C] OUTROS', 104),
(130, '[E526D] CRACK', 104),
(131, '[E528A] ADOLESCENTE', 105),
(132, '[E528B] MAIOR DE IDADE', 105),
(133, '[E532A] SEM FLAGRANTE', 106),
(134, '[E532B] FLAGRANTE', 106),
(135, '[F345A] SEM EMPREGO DE VIOLENCIA', 113),
(136, '[F345B] COM EMPREGO DE VIOLENCIA', 113),
(137, '[F359A] DECISAO DA JUSTICA ESTADUAL', 114),
(138, '[F359B] DECISAO DA JUSTICA FEDERAL', 114),
(139, '[F359C] DECISAO DA JUSTICA FEDERAL TRABALHISTA', 114),
(140, '[F359D] DECISAO DA JUSTICA FEDERAL ELEITORAL', 114),
(141, '[G100A] PRÓ ATIVO', 116),
(142, '[G100B] AEROMÉDICO', 116),
(143, '[G100C] NOTURNO', 116),
(144, '[G100D] BUSCA E RESGATE', 116),
(145, '[G3A] FATAL', 117),
(146, '[G3B] NÃO FATAL', 117),
(147, '[G7A] NÃO FATAL', 122),
(148, '[G7B] FATAL', 122),
(149, '[G7C] NÃO FATAL DA PRÓPRIA ALTURA', 122),
(150, '[G7D] NÃO FATAL DE ELEVAÇÃO', 122),
(151, '[G8A] NÃO FATAL', 123),
(152, '[G8B] FATAL', 123),
(153, '[GM002A] VIDEOMONITORAMENTO', 129),
(154, '[GM003A] VIDEOMONITORAMENTO', 130),
(155, '[GM004A] VIDEOMONITORAMENTO', 131),
(156, '[GM005A] ÓLEO NA PISTA', 132),
(157, '[GM005B] ÁRVORE CAÍDA NA VIA', 132),
(158, '[GM005C] OBSTÁCOLO NA VIA', 132),
(159, '[GM005D] AREIA NA PISTA', 132),
(160, '[GM005E] VEÍCULO COM DEFEITO', 132),
(161, '[GM005F] VEÍCULO ABANDONADO BLOQUEANDO', 132),
(162, '[GM006A] EM DEMSANCHE/DETERIORADO', 133),
(163, '[GM008A] LISTAR SECRETÁRIAS', 135),
(164, '[GM009A] EVENTO MUNICIPAL', 136),
(165, '[GM009B] REFORMA NA VIA', 136),
(166, '[GM009C] BURACO NA VIA', 136),
(167, '[GM009D] MANUTENÇAÕ DE PINTURA', 136),
(168, '[GM009E] MANUTENÇAÕ EM EQUIPAMENTO', 136),
(169, '[GM009F] MANUTENÇÃO SAAE', 136),
(170, '[GM009G] MANUTENÇÃO ENEL', 136),
(171, '[GM009H] CORTE DE ÁRVORE/AMA', 136),
(172, '[GM010A] ANIMAL SOLTO NA VIA', 137),
(173, '[GM011A] QUEBRADA/DANIFICADA', 138),
(174, '[GM011B] ADULTERADA', 138),
(175, '[GM011C] CONSTRUÇÃO IRREGULAR/LOMBADA IRREGULAR', 138),
(176, '[GM012A] BLITZ', 139),
(177, '[GM012B] BLITZ MOTOTAXI PIRATA/TRANSPORTE IRREGULAR', 139),
(178, '[GM014A] CALÇADA', 141),
(179, '[GM014B] PRAÇAS/JARDINS/CANTEIRO CENTRAL', 141),
(180, '[GM015A] EM ESPAÇO PÚBLICO', 142),
(181, '[GM015B] INAPROPRIADO PARA HABITAÇÃO', 142),
(182, '[GM016A] OUTDOOR', 143),
(183, '[GM017A] RUA/AVENIDA', 144),
(184, '[GM017B] PRAÇA/PARQUE/PASSEIO', 144),
(185, '[GM018A] ORIENTAÇÃO DE MUDANÇA DE VIA', 145),
(186, '[GM018B] INTERDIÇÃO DE VIA', 145),
(187, '[GM019A] OFÍALIZADO', 146),
(188, '[GM020A] NUMERAÇÃO CHASSI/MOTOR/RASPADA/COR/MODELO', 147),
(189, '[GM021A] APOIO AO SAMU/AMBULANCIA', 148),
(190, '[GM021B] PASSEIO CICLISTICO/CORRIDA DE RUA', 148),
(191, '[GM021C] VEÍCULO OFICIAL/EVENTO OFICIAL', 148),
(192, '[GM022A] COMP ENERGIA/COMP AGUA/ESGOTO', 149),
(193, '[I5A] OBJETO EMPALADO', 154),
(194, '[I5B] OBJETO CONSTRITO', 154),
(195, '[IA1A] C/ VÍTIMA', 155),
(196, '[IA1B] S/ VÍTIMA', 155),
(197, '[IA2A] C/ VÍTIMA', 156),
(198, '[IA2B] S/ VÍTIMA', 156),
(199, '[IA3A] C/ VÍTIMA', 157),
(200, '[IA3B] S/ VÍTIMA', 157),
(201, '[B4A] C/ VÍTIMA', 58),
(202, '[B4B] S/ VÍTIMA', 58),
(203, '[B9A] AFOGAMENTO', 63),
(204, '[B9B] ACIDENTE', 63),
(205, '[B9C] INCÊNDIO', 63),
(206, '[B9D] EVENTOS', 63),
(207, '[C427E] PODA DRÁSTICA', 73),
(208, '[IB1A] C/ VÍTIMA', 158),
(209, '[IB1B] S/ VÍTIMA', 158),
(210, '[IB2A] C/ VÍTIMA', 159),
(211, '[IB2B] S/ VÍTIMA', 159),
(212, '[IC1A] C/ VÍTIMA', 160),
(213, '[IC1B] S/ VÍTIMA', 160),
(214, '[IC2A] C/ VÍTIMA', 161),
(215, '[IC2B] S/ VÍTIMA', 161),
(216, '[IC3A] C/ VÍTIMA', 162),
(217, '[IC3B] S/ VÍTIMA', 162),
(218, '[ID1A] C/ VÍTIMA', 163),
(219, '[ID1B] S/ VÍTIMA', 163),
(220, '[ID2A] C/ VÍTIMA', 164),
(221, '[ID2B] S/ VÍTIMA', 164),
(222, '[ID3A] C/ VÍTIMA', 165),
(223, '[ID3B] S/ VÍTIMA', 165),
(224, '[ID4A] C/ VÍTIMA', 166),
(225, '[ID4B] S/ VÍTIMA', 166),
(226, '[IE1A] C/ VÍTIMA', 167),
(227, '[IE1B] S/ VÍTIMA', 167),
(228, '[IE2A] C/ VÍTIMA', 168),
(229, '[IE2B] S/ VÍTIMA', 168),
(230, '[IE3A] C/ VÍTIMA', 169),
(231, '[IE3B] S/ VÍTIMA', 169),
(232, '[IE4A] C/ VÍTIMA', 170),
(233, '[IE4B] S/ VÍTIMA', 170),
(234, '[IE5A] C/ VÍTIMA', 171),
(235, '[IE5B] S/ VÍTIMA', 171),
(236, '[IE6A] C/ VÍTIMA', 172),
(237, '[IE6B] S/ VÍTIMA', 172),
(238, '[IF1A] C/ VÍTIMA', 173),
(239, '[IF1B] S/ VÍTIMA', 173),
(240, '[IF2A] C/ VÍTIMA', 174),
(241, '[IF2B] S/ VÍTIMA', 174),
(242, '[IF3A] C/ VÍTIMA', 175),
(243, '[IF3B] S/ VÍTIMA', 175),
(244, '[IF4A] C/ VÍTIMA', 176),
(245, '[IF4B] S/ VÍTIMA', 176),
(246, '[IF5A] C/ VÍTIMA', 177),
(247, '[IF5B] S/ VÍTIMA', 177),
(248, '[IF6A] C/ VÍTIMA', 178),
(249, '[IF6B] S/ VÍTIMA', 178),
(250, '[IF7A] C/ VÍTIMA', 179),
(251, '[IF7B] S/ VÍTIMA', 179),
(252, '[IF8A] C/ VÍTIMA', 180),
(253, '[IF8B] S/ VÍTIMA', 180),
(254, '[IF9A] C/ VÍTIMA', 181),
(255, '[IF9B] S/ VÍTIMA', 181),
(256, '[IF10A] C/ VÍTIMA', 182),
(257, '[IF10B] S/ VÍTIMA', 182),
(258, '[IG1A] C/ VÍTIMA', 183),
(259, '[IG1B] S/ VÍTIMA', 183),
(260, '[IG2A] C/ VÍTIMA', 184),
(261, '[IG2B] S/ VÍTIMA', 184),
(262, '[IG3A] C/ VÍTIMA', 185),
(263, '[IG3B] S/ VÍTIMA', 185),
(264, '[IG4A] C/ VÍTIMA', 186),
(265, '[IG4B] S/ VÍTIMA', 186),
(266, '[IG5A] C/ VÍTIMA', 187),
(267, '[IG5B] S/ VÍTIMA', 187),
(268, '[IH1A] C/ VÍTIMA', 188),
(269, '[IH1B] S/ VÍTIMA', 188),
(270, '[IH2A] C/ VÍTIMA', 189),
(271, '[IH2B] S/ VÍTIMA', 189),
(272, '[IH3A] C/ VÍTIMA', 190),
(273, '[IH3B] S/ VÍTIMA', 190),
(274, '[IH4A] C/ VÍTIMA', 191),
(275, '[IH4B] S/ VÍTIMA', 191),
(276, '[IH5A] C/ VÍTIMA', 192),
(277, '[IH5B] S/ VÍTIMA', 192),
(278, '[IH6A] C/ VÍTIMA', 193),
(279, '[IH6B] S/ VÍTIMA', 193),
(280, '[II1A] C/ VÍTIMA', 194),
(281, '[II1B] S/ VÍTIMA', 194),
(282, '[II2A] C/ VÍTIMA', 195),
(283, '[II2B] S/ VÍTIMA', 195),
(284, '[II3A] C/ VÍTIMA', 196),
(285, '[II3B] S/ VÍTIMA', 196),
(286, '[IJ1A] C/ VÍTIMA', 197),
(287, '[IJ1B] S/ VÍTIMA', 197),
(288, '[IJ2A] C/ VÍTIMA', 198),
(289, '[IJ2B] S/ VÍTIMA', 198),
(290, '[IJ3A] C/ VÍTIMA', 199),
(291, '[IJ3B] S/ VÍTIMA', 199),
(292, '[IL1A] C/ VÍTIMA', 200),
(293, '[IL1B] S/ VÍTIMA', 200),
(294, '[IL2A] C/ VÍTIMA', 201),
(295, '[IL2B] S/ VÍTIMA', 201),
(296, '[IL3A] C/ VÍTIMA', 202),
(297, '[IL3B] S/ VÍTIMA', 202),
(298, '[IM1A] C/ VÍTIMA', 203),
(299, '[IM1B] S/ VÍTIMA', 203),
(300, '[IM2A] C/ VÍTIMA', 204),
(301, '[IM2B] S/ VÍTIMA', 204),
(302, '[IM3A] C/ VÍTIMA', 205),
(303, '[IM3B] S/ VÍTIMA', 205),
(304, '[IM4A] C/ VÍTIMA', 206),
(305, '[IM4B] S/ VÍTIMA', 206),
(306, '[IM5A] C/ VÍTIMA', 207),
(307, '[IM5B] S/ VÍTIMA', 207),
(308, '[IM6A] C/ VÍTIMA', 208),
(309, '[IM6B] S/ VÍTIMA', 208),
(310, '[IM7A] C/ VÍTIMA', 209),
(311, '[IM7B] S/ VÍTIMA', 209),
(312, '[IP1A] C/ VÍTIMA', 210),
(313, '[IP1B] S/ VÍTIMA', 210),
(314, '[IQ1A] C/ VÍTIMA', 211),
(315, '[IQ1B] S/ VÍTIMA', 211),
(316, '[IR1A] C/ VÍTIMA', 212),
(317, '[IR1B] S/ VÍTIMA', 212),
(318, '[IV1A] C/ VÍTIMA', 213),
(319, '[IV1B] S/ VÍTIMA', 213),
(320, '[IV2A] C/ VÍTIMA', 214),
(321, '[IV2B] S/ VÍTIMA', 214),
(322, '[IV3A] C/ VÍTIMA', 215),
(323, '[IV3B] S/ VÍTIMA', 215),
(324, '[IW1A] C/ VÍTIMA', 216),
(325, '[IW1B] S/ VÍTIMA', 216),
(326, '[IW2A] C/ VÍTIMA', 217),
(327, '[IW2B] S/ VÍTIMA', 217),
(328, '[IW3A] C/ VÍTIMA', 218),
(329, '[IW3B] S/ VÍTIMA', 218),
(330, '[IW4A] C/ VÍTIMA', 219),
(331, '[IW4B] S/ VÍTIMA', 219),
(332, '[IW5A] C/ VÍTIMA', 220),
(333, '[IW5B] S/ VÍTIMA', 220),
(334, '[IW6A] C/ VÍTIMA', 221),
(335, '[IW6B] S/ VÍTIMA', 221),
(336, '[IX1A] C/ VÍTIMA', 222),
(337, '[IX1B] S/ VÍTIMA', 222),
(338, '[IX2A] C/ VÍTIMA', 223),
(339, '[IX2B] S/ VÍTIMA', 223),
(340, '[J1A] ALICIAMENTO DE ELEITORES', 224),
(341, '[J1B] BOCA DE URNA', 224),
(342, '[J1C] DESTRUIÇÃO OU DESAPARECIMENTO DA URNA', 224),
(343, '[J1D] IMPEDIR O EXERCÍCIO SUFRÁGIO', 224),
(344, '[J1E] NÃO OBEDIÊNCIA A ORDEM NA FILA', 224),
(345, '[J1F] NEGOCIAÇÃO DE VOTOS', 224),
(346, '[J1G] PROMOVER DESORDEM', 224),
(347, '[J1H] PROPAGANDA NÃO AUTORIZADA', 224),
(348, '[J1I] RETENÇÃO DE TÍTULO', 224),
(349, '[J1J] USO DE VIOLÊNCIA', 224),
(350, '[J1K] VENDA DE BEBIDA ALCOÓLICA', 224),
(351, '[J1L] VIOLAR URNA', 224),
(352, '[J1M] OUTROS', 224),
(353, '[J1N] TRANSPORTE IRREGULAR DE ELEITORE', 224),
(354, '[J1O] UTILIZAR VEÍCULOS OFICIAIS EM CAMPANHA ELEITORAL', 224),
(355, '[J1P] IMPEDIR O EXERCÍCIO DE PROPAGANDA ELEITORAL LÍCITA', 224),
(356, '[J1Q] DESOBEDIÊNCIA A ORDENS DA JUSTIÇA ELEITORAL', 224),
(358, '[L105A] INJÚRIA / PRECONCEITO', 225),
(359, '[L105B] AGRESSÃO / VIOLÊNCIA FÍSICA', 225),
(360, '[L105C] LESÃO À BALA', 225),
(361, '[L105D] LESÃO À FACA', 225),
(362, '[L105E] LESÃO A OUTROS', 225),
(363, '[L105F] HOMICÍDIO À BALA', 225),
(364, '[L105G] HOMICÍDIO À FACA', 225),
(365, '[L105H] HOMICÍDIO A OUTROS', 225),
(366, '[M300A] ROUBO A MOTO', 227),
(367, '[M300B] FURTO A MOTO', 227),
(368, '[M310AE] A ESTABELECIMENTO DE ENSINO', 228),
(369, '[M310C] A RESIDÊNCIA', 228),
(370, '[M310D] A BANCO', 228),
(371, '[M310G] A ESTABELECIMENTO COMERCIAL', 228),
(372, '[M310O] DE CAIXA ELETRÔNICO', 228),
(373, '[M310AF] APLICATIVO DE TRANSPORTE', 228),
(374, '[M310AG] APLICATIVO DE ENTREGAS', 228),
(375, '[M310A] A COLETIVO', 228),
(376, '[M310AD] SAIDINHA BANCÁRIA', 228),
(377, '[M310B] A PESSOA', 228),
(378, '[M310E] A FARMÁCIA', 228),
(379, '[M310F] A POSTO DE GASOLINA', 228),
(380, '[M310I] A TAXISTA', 228),
(381, '[M310J] TENTATIVA', 228),
(382, '[M310L] A CARRO FORTE', 228),
(383, '[M310M] A CASA LOTÉRICA', 228),
(384, '[M310N] EM CAIXA ELETRÔNICO', 228),
(385, '[M310P] DE CARGA', 228),
(386, '[M310Q] ROUBO A POSTO BANCARIO', 228),
(387, '[M310R] A PESSOA C/ CONSTRANGIMENTO DA LIBERDADE', 228),
(388, '[M310S] A CASA DE DIVERSÃO/CLUBE SOCIAL', 228),
(389, '[M310T] A CLÍNICA/CONSULTÓRIO', 228),
(390, '[M310U] A CONDOMÍNIO', 228),
(391, '[M310V] A MOTEL', 228),
(392, '[M310W] A MERCEARIA/MERCADINHO', 228),
(393, '[M310X] A RESTAURANTE/BAR/LANCHONETE', 228),
(394, '[M310Y] A SUPERMERCADO/MERCANTIL', 228),
(395, '[M310Z] A TEMPLOS RELIGIOSOS', 228),
(396, '[M319A] DESLOCAMENTO NÃO ESSENCIAIS', 231),
(397, '[M319B] NÃO USO DE MÁSCARA', 231),
(398, '[M320A] BAR', 232),
(399, '[M320B] SHOW', 232),
(400, '[M320C] BARRACA DE PRAIA', 232),
(401, '[M320D] OUTROS', 232),
(402, '[M321A] LOJA', 233),
(403, '[M321B] RESTAURANTES', 233),
(404, '[M321C] BAR', 233),
(405, '[M321D] BOATE', 233),
(406, '[M321E] OUTROS', 233),
(407, '[M322A] CARRO', 234),
(408, '[M322B] MOTO', 234),
(409, '[M322C] BICICLETA', 234),
(410, '[M322D] CARRO DE APLICATIVO', 234),
(411, '[M322E] MOTO DE APLICATIVO', 234),
(412, '[M322F] BICICLETA DE APLICATIVO', 234),
(413, '[M323A] CARRO', 235),
(414, '[M323B] MOTO', 235),
(415, '[M323C] BICICLETA', 235),
(416, '[M323D] CARRO DE APLICATIVO', 235),
(417, '[M323E] MOTO DE APLICATIVO', 235),
(418, '[M323F] BICICLETA DE APLICATIVO', 235),
(419, '[M324A] CARRO', 236),
(420, '[M324B] MOTO', 236),
(421, '[M324C] BICICLETA', 236),
(422, '[M324D] CARRO DE APLICATIVO', 236),
(423, '[M324E] MOTO DE APLICATIVO', 236),
(424, '[M324F] BICICLETA DE APLICATIVO', 236),
(425, '[M325A] CARRO', 237),
(426, '[M325B] MOTO', 237),
(427, '[M325C] BICICLETA', 237),
(428, '[M325D] CARRO DE APLICATIVO', 237),
(429, '[M325E] MOTO DE APLICATIVO', 237),
(430, '[M325F] BICICLETA DE APLICATIVO', 237),
(431, '[M328G] DE CAIXA ELETRÔNICO', 238),
(432, '[M328H] DE ENERGIA/SINAL/ÁGUAS/CANOS/FIOS', 238),
(433, '[M328B] A PESSOA', 238),
(434, '[M328C] A RESIDÊNCIA', 238),
(435, '[M328D] A ESTABELECIMENTO COMERCIAL', 238),
(436, '[M328E] TENTATIVA', 238),
(437, '[M328I] A TEMPLOS RELIGIOSOS', 238),
(438, '[M328J] A ESTABELECIMENTO DE ENSINO', 238),
(439, '[M328K] GADO', 238),
(440, '[M328L] JARDINAGEM', 238),
(441, '[M328M] PATRIMONIO MUNICIPAL', 238),
(442, '[M328N] HIDRÔMETRO', 238),
(443, '[M330A] EM RESIDÊNCIA', 240),
(444, '[M330B] EM CONDOMÍNIO', 240),
(445, '[M330C] EM ESTABELECIMENTO COMERCIAL', 240),
(446, '[M330D] EM ESCOLA', 240),
(447, '[M330E] EM HOSPITAL / POSTO DE SAÚDE', 240),
(448, '[M338A] PATRIMÔNIO HISTÓRICO MUNICIPAL', 242),
(449, '[M338B] PRAÇA PÚBLICA MUNICIPAL', 242),
(450, '[M338C] EM BENS E EQUIPAMENTO MUNICIPAIS', 242),
(451, '[M342A] EM ANDAMENTO', 244),
(452, '[M346A] ACIONADO', 245),
(453, '[M346B] INDEVIDO', 245),
(454, '[M346C] EM ÓRGÃOS MUNICIPAIS ACIONADO', 245),
(455, '[M346D] EM ÓRGÃOS MUNICIPAIS INDEVIDO', 245),
(456, '[M357A] MARÍTIMO', 253),
(457, '[M357B] FLUVIAL', 253),
(458, '[M357C] AÉREO', 253),
(459, '[M370A] AGENTES DE SEGURANÇA', 256),
(460, '[M370B] DESTACAMENTO', 256),
(461, '[M370C] VIATURA', 256),
(462, '[M390A] INCÊNDIO CRIMINOSO', 258),
(463, '[M390B] OUTROS', 258),
(464, '[M391A] CUMPRIMENTO DE MANDADO', 259),
(465, '[M391B] VEÍCULO LOCALIZADO', 259),
(466, '[M391C] APREENSÃO DE DROGAS', 259),
(467, '[M391D] APREENSÃO DE ARMAS', 259),
(468, '[M391E] OUTROS', 259),
(469, '[M500A] AMEAÇA A MORADORES', 263),
(470, '[M500B] EXTORSÃO', 263),
(471, '[M700A] DISTANTE ATÉ 5000m DO LOCAL', 267),
(472, '[M700B] DURANTE O TRAJETO', 267),
(473, '[M700C] INVASÃO LOCAL RESTRITO', 267),
(474, '[M710A] NO ENTORNO DA ARENA', 268),
(475, '[M710B] NOS TERMINAIS RODOVIÁRIOS', 268),
(476, '[M710C] DURANTE O TRAJETO', 268),
(477, '[M710D] OUTROS', 268),
(478, '[M720A] A BALA', 269),
(479, '[M720B] A FACA', 269),
(480, '[M720C] OUTROS', 269),
(481, '[M730A] A BALA', 270),
(482, '[M730B] A FACA', 270),
(483, '[M730C] OUTROS', 270),
(484, '[M740A] ARMA DE FOGO', 271),
(485, '[M740B] FACA', 271),
(486, '[M740C] ARTEFATOS EXPLOSIVOS', 271),
(487, '[M740D] OUTROS', 271),
(488, '[M750A] EM ÔNIBUS', 272),
(489, '[M750B] EM VEÍCULOS', 272),
(490, '[M750C] EM ESTABELECIMENTO COMERCIAL', 272),
(491, '[M750D] PATRIMÔNIO PÚBLICO', 272),
(492, '[M750E] OUTROS', 272),
(493, '[O205A] POR DECISAO ADM DE ORGAO DA PREFEITURA', 280),
(494, '[O205B] POR DECISAO ADM DE ORGAO DO ESTADO', 280),
(495, '[O205C] POR DECISAO ADM DE ORGAO DA UNIAO', 280),
(496, '[OE1A] INCÊNDIO', 281),
(497, '[OE1B] FURTO DE ENERGIA', 281),
(498, '[OE1C] INSTITUIÇÕES BANCÁRIAS', 281),
(499, '[OE1D] ÓRGÃOS OFICIAIS', 281),
(500, '[P110A] VIOL. PERÍMETRO - ÁREA DE INCLUSÃO', 282),
(501, '[P110B] DESCAR. TORNOZELEIRA - FIM DE BATERIA', 282),
(502, '[P110C] UNIDADE VIOLADA - uVio', 282),
(503, '[P110D] ROMP. TORNOZELEIRA - tRom', 282),
(504, '[P110E] BLOQ. SINAL - GPS/GPRS PERDIDOS', 282),
(505, '[P110F] MAND. PRISÃO - REGRESSÕES E REVOGAÇÕES', 282),
(506, '[P110G] AVER. MEDIDAS CAUTELARES - AUD. CUSTÓDIA', 282),
(507, '[P110H] MED. PROTETIVA - APROX. VÍTIMA - ÁREA DE EXCLUSÃO', 282),
(508, '[P110I] MED. PROTETIVA - DESCAR. - FIM DE BATERIA MP', 282),
(509, '[P110J] MED. PROTETIVA - ROMP. TORNOZELEIRA - tRom', 282),
(510, '[P133A] ADOLESCENTE', 283),
(511, '[P133B] ADULTO', 283),
(512, '[P133C] CRIANÇA', 283),
(513, '[P133D] DÉBIL', 283),
(514, '[P133E] ÉBRIO', 283),
(515, '[P133F] IDOSO', 283),
(516, '[P133G] RECÉM NASCIDO', 283),
(517, '[P133H] SILVÍCOLA', 283),
(518, '[P133I] TOXICÔMANO', 283),
(519, '[P133J] OUTROS', 283),
(520, '[P214A] A OUTROS', 286),
(521, '[P214B] A BALA', 286),
(522, '[P214C] A FACA', 286),
(523, '[P214D] A PAULADAS', 286),
(524, '[P214E] A LINHA COM CEROL (PIPA)', 286),
(525, '[P214H] MORTE DECORRENTE DE INTERVENÇÃO POLICIAL', 286),
(526, '[P214G] RESISTÊNCIA A PRISÃO SEGUIDO DE MORTE', 286),
(527, '[P224A] A OUTROS', 288),
(528, '[P224B] A FACA', 288),
(529, '[P224C] A BALA', 288),
(530, '[P224D] A LINHA COM CEROL (PIPA)', 288),
(531, '[P224E] LESÃO DECORRENTE DE INTERVENÇÃO POLICIAL', 288),
(532, '[P230A] A BALA', 289),
(533, '[P230B] POR ENFORCAMENTO', 289),
(534, '[P230C] POR ENVENENAMENTO', 289),
(535, '[P230D] OUTROS', 289),
(536, '[P236A] MORTE NÃO NATURAL', 290),
(537, '[P236B] MORTE NATURAL', 290),
(538, '[P242A] FATAL', 291),
(539, '[P242B] NÃO FATAL', 291),
(540, '[P246A] CONSUMADO OU EM ANDAMENTO', 293),
(541, '[P246B] TENTATIVA', 293),
(542, '[P248A] CONSUMADO OU EM ANDAMENTO', 294),
(543, '[P248B] TENTATIVA', 294),
(544, '[P249A] PESSOA DESAPARECIDA', 295),
(545, '[P249B] PESSOA PERDIDA', 295),
(546, '[P252A] POLICIAL MILITAR VÍTIMA', 297),
(547, '[P252B] POLICIAL MILITAR ACUSADO', 297),
(548, '[P252C] POLICIAL CIVIL VÍTIMA', 297),
(549, '[P252D] POLICIAL CIVIL ACUSADO', 297),
(550, '[P252E] POLICIAL NÃO IDENTIFICADO VÍTIMA', 297),
(551, '[P252F] POLICIAL NÃO IDENTIFICADO ACUSADO', 297),
(552, '[P252G] POLICIAL PENAL VÍTIMA', 297),
(553, '[P252H] POLICIAL PENAL ACUSADO', 297),
(554, '[P253A] GUARDA MUNICIPAL VÍTIMA', 298),
(555, '[P253B] GUARDA MUNICIPAL ACUSADO', 298),
(556, '[P253C] AMC VÍTIMA', 298),
(557, '[P253D] AMC ACUSADO', 298),
(558, '[P253E] SAMU VÍTIMA', 298),
(559, '[P253F] SAMU ACUSADO', 298),
(560, '[P253G] DEFESA CIVIL VÍTIMA', 298),
(561, '[P253H] DEFESA CIVIL ACUSADO', 298),
(562, '[P253I] PME VÍTIMA', 298),
(563, '[P253J] PME ACUSADO', 298),
(564, '[P254A] VÍTIMA', 299),
(565, '[P254B] ACUSADO', 299),
(566, '[P262A] VÍTIMA', 300),
(567, '[P262B] ACUSADO', 300),
(568, '[P282A] FATAL', 311),
(569, '[P282B] NÃO FATAL', 311),
(570, '[R1A] ALERTA BRANCO', 321),
(571, '[R1B] ALERTA AMARELO', 321),
(572, '[R1C] ALERTA VERMELHO', 321),
(573, '[R1D] OUTROS', 321),
(574, '[R707A] COM VÍTIMA', 322),
(575, '[R707B] COM VÍTIMA FATAL', 322),
(576, '[R707C] COM VÍTIMA Ñ DECLARADA', 322),
(577, '[RE01A] REBOQUE DE VIATURA', 323),
(578, '[RE01B] REBOQUE OUTROS', 323),
(579, '[RF010A] EM PRAÇAS ESPORTIVAS', 324),
(580, '[RF010B] EM VIA PÚBLICA', 324),
(581, '[RF010C] EM TERMINAIS DE ÔNIBUS/RODOVIÁRIAS/AEROPORTOS', 324),
(582, '[RF010D] EM ESTABELECIMENTOS PÚBLICOS', 324),
(583, '[RF011A] EM PRAÇAS ESPORTIVAS', 325),
(584, '[RF011B] EM VIA PÚBLICA', 325),
(585, '[RF011C] EM TERMINAIS DE ÔNIBUS/RODOVIÁRIAS/AEROPORTOS', 325),
(586, '[RF011D] EM ESTABELECIMENTOS PÚBLICOS', 325),
(587, '[S612F] DE ENFERMO', 327),
(588, '[S612H] DE SERVIDOR PÚBLICO MUNICIPAL', 327),
(589, '[S612I] DE GUARDAS MUNICIPAIS', 327),
(590, '[S612G] DE FUGITIVO', 327),
(591, '[S612B] DE PRESO', 327),
(592, '[S612C] DE ADOLESCENTE A DCA', 327),
(593, '[S612D] DE CRIANÇA AO SOS', 327),
(594, '[S620A] CRIANÇA', 328),
(595, '[S620B] ADULTO', 328),
(596, '[S623A] EM EDIFICAÇÕES MUNICIPAIS', 330),
(597, '[S630A] AUTORIDADE MUNICIPAL', 331),
(598, '[S630B] AUTORIDADE FEDERAL', 331),
(599, '[S630C] AUTORIDADE MP / JUDICIÁRIO', 331),
(600, '[S630D] PM', 331),
(601, '[S630E] BM', 331),
(602, '[S630F] PC', 331),
(603, '[S630G] REMOÇÃO AEROMEDICA', 331),
(604, '[S630H] OFICIAL DE JUSTIÇA', 331),
(605, '[S630I] AUTORIDADE ESTADUAL', 331),
(606, '[S631A] ROUBO', 332),
(607, '[S631B] FURTO', 332),
(608, '[S631C] VIOLAÇÃO A DOMICÍLIO', 332),
(609, '[S636A] EM PRÉDIO PÚBLICO', 334),
(610, '[S636B] DE PRAÇAS DE ESPORTE', 334),
(611, '[S636C] DE CLUBE', 334),
(612, '[S636D] DE ESCOLA', 334),
(613, '[S636E] OUTROS', 334),
(614, '[S636F] PROATIVO', 334),
(615, '[S636G] PONTO BASE', 334),
(616, '[S689A] PADRÃO', 339),
(617, '[T112A] FATAL', 342),
(618, '[T112B] NÃO FATAL', 342),
(619, '[T123A] VIAS DE FATO', 343),
(620, '[T123B] ROD.ESTAD.FATAL C/VÍT.PRESA EM FERRAG', 343),
(621, '[T123C] ROD.ESTAD.FATAL S/VÍT.PRESA EM FERRAG', 343),
(622, '[T123D] ROD.ESTAD.Ñ FATAL C/VÍT.PRESA EM FERRAG', 343),
(623, '[T123E] ROD.ESTAD.DANOS MATERIAIS C/ VIT.', 343),
(624, '[T123F] ROD.ESTAD.DANOS MATERIAIS', 343),
(625, '[T123G] VIA.MUNIC.FATAL C/VÍT.PRESA EM FERRAG', 343),
(626, '[T123H] VIA.MUNIC.FATAL S/VÍT.PRESA EM FERRAG', 343),
(627, '[T123I] VIA.MUNIC.Ñ FATAL C/VÍT.PRESA EM FERRAG', 343),
(628, '[T123L] VIA.MUNIC. DANOS MATERIAIS', 343),
(629, '[T123M] VIA.MUNIC. DANOS MAT./VEIC. IMPO. REMOÇÃO', 343),
(630, '[T123N] VIA.MUNIC. DANOS MAT./INDIC. CRIME', 343),
(631, '[T123O] VIA.MUNIC.DANOS MATERIAIS C/VIT.', 343),
(632, '[T123P] VIA.MUNIC.MET.FATAL C/VIT.PRESA EM FERRAG', 343),
(633, '[T123Q] VIA.MUNIC.MET.FATAL S/VIT.PRESA EM FERRAG', 343),
(634, '[T123R] VIA.MUNIC.MET.Ñ FATAL C/VIT.PRESA EM FERRAG', 343),
(635, '[T123S] VIA.MUNIC.MET.DANOS MATERIAIS C/VIT', 343),
(636, '[T124A] VIAS DE FATO', 344),
(637, '[T124B] FATAL C/ VÍT. PRESA EM FERRAG', 344),
(638, '[T124C] FATAL S/ VÍT. PRESA EM FERRAG', 344),
(639, '[T124D] NÃO FATAL C/ VÍT. PRESA EM FERRAG', 344),
(640, '[T128A] FATAL C/ VÍTIMA PRESA EM FERRAGEM', 345),
(641, '[T128B] FATAL S/ VÍTIMA PRESA EM FERRAGEM', 345),
(642, '[T128C] NÃO FATAL C/ VÍTIMA PRESA EM FERRAGEM', 345),
(643, '[T128D] NÃO FATAL S/ VÍTIMA PRESA EM FERRAGEM', 345),
(644, '[T132A] FATAL C/ VÍTIMA PRESA EM FERRAGEM', 346),
(645, '[T132B] FATAL S/ VÍTIMA PRESA EM FERRAGEM', 346),
(646, '[T132C] NÃO FATAL C/ VÍTIMA PRESA EM FERRAGEM', 346),
(647, '[T132D] NÃO FATAL S/ VÍTIMA PRESA EM FERRAGEM', 346),
(648, '[T138A] FATAL C/ VÍTIMA PRESA EM FERRAGEM', 347),
(649, '[T138B] FATAL S/ VÍTIMA PRESA EM FERRAGEM', 347),
(650, '[T138C] NÃO FATAL C/ VÍTIMA PRESA EM FERRAGEM', 347),
(651, '[T138D] NÃO FATAL S/ VÍTIMA PRESA EM FERRAGEM', 347),
(652, '[T162A] POLÍCIA MILITAR', 353),
(653, '[T162B] BOMBEIRO MILITAR', 353),
(654, '[T162C] POLÍCIA CIVIL/IML/IC', 353),
(655, '[T162D] OUTROS VEÍCULOS OFICIAIS DO ESTADO', 353),
(656, '[T162E] SAMU', 353),
(657, '[T162F] GMF', 353),
(658, '[T162G] AMC', 353),
(659, '[T162H] PME', 353),
(660, '[T334A] APROPRIAÇÃO INDÉBITA', 354),
(661, '[T334B] CRIME PERIGO COMUM', 354),
(662, '[T334C] FURTO', 354),
(663, '[T334D] INVESTIGAÇÃO', 354),
(664, '[T334E] PLACA TROCADA', 354),
(665, '[T334F] REALIZANDO ASSALTO', 354),
(666, '[T334G] ROUBO', 354),
(667, '[T334H] SEQUESTRO RELÂMPAGO', 354),
(668, '[T334I] VEÍCULO CLONADO', 354),
(669, '[T334J] VEÍCULO DE APOIO', 354),
(670, '[T334K] VEÍCULO EM FUGA', 354),
(671, '[T334L] VEÍCULO DE PESSOA PROCURADA', 354),
(672, '[T335A] VEICULO COM RESTRIÇÃO - S25', 355),
(673, '[U1A] SAMU', 356),
(674, '[U1B] RONDA', 356),
(675, '[U1C] POG', 356),
(676, '[U13A] EM ADULTO NÃO GESTANTE', 358),
(677, '[U13B] EM GESTANTE', 358),
(678, '[U16A] FATAL', 360),
(679, '[U16B] NÃO FATAL', 356),
(680, '[U19A] AMEAÇA', 361),
(681, '[U19B] COMPLETO', 361),
(682, '[U19C] INCOMPLETO', 361),
(683, '[U2A] NÍVEL 1 = ATÉ 5 VÍTIMAS', 362),
(684, '[U2B] NÍVEL 2 = ATÉ 20 VÍTIMAS', 362),
(685, '[U2C] NÍVEL 3 = ACIMA DE 20 VÍTIMAS', 362),
(686, '[V1A] PREVENÇÃO MAUS TRATOS ANIMAIS', 364),
(687, '[V1B] PREVENÇÃO PQ', 364),
(688, '[V1C] PREVENÇÃO OUTROS', 364),
(689, '[V2A] PB EM PRÉDIO PÚBLICO', 365),
(690, '[V2B] PB DE PONTOS CRÍTICOS', 365),
(691, '[V2C] PB DE VISIBILIDADE', 365),
(692, '[V2D] PB OUTROS', 365),
(693, '[Z01A] VISITA DE INCLUSÃO NO GAVV', 367),
(694, '[Z01B] VISITA DE RECUSA DE INCLUSÃO', 367),
(695, '[Z01C] VISITA AO AGRESSOR', 367),
(696, '[Z01D] VISITA DE MONITORAMENTO', 367),
(697, '[Z01E] VISITA DE DESLIGAMENTO', 367),
(698, '[Z01F] VISITA POR QUEBRA DE MEDIDA DO AGRESSOR', 367),
(699, '[Z01G] VISITA POR QUEBRA DE MEDIDA DA VÍTIMA', 367),
(700, '[Z01H] VISITA DE ENCERRAMENTO', 367),
(701, '[Z02A] VISITA DE INCLUSÃO NO GAVV', 368),
(702, '[Z02B] VISITA DE RECUSA DE INCLUSÃO', 368),
(703, '[Z02C] VISITA AO AGRESSOR', 368),
(704, '[Z02D] VISITA DE MONITORAMENTO', 368),
(705, '[Z02E] VISITA DE DESLIGAMENTO', 368),
(706, '[Z02F] VISITA DE ENCERRAMENTO', 368),
(707, '[Z03A] VISITA DE INCLUSÃO NO GAVV', 369),
(708, '[Z03B] VISITA DE RECUSA DE INCLUSÃO', 369),
(709, '[Z03C] VISITA AO AGRESSOR', 369),
(710, '[Z03D] VISITA DE MONITORAMENTO', 369),
(711, '[Z03E] VISITA DE DESLIGAMENTO', 369),
(712, '[Z03F] VISITA POR QUEBRA DE MEDIDA DO AGRESSOR', 369),
(713, '[Z03G] VISITA POR QUEBRA DE MEDIDA DA VÍTIMA', 369),
(714, '[Z03H] VISITA DE ENCERRAMENTO', 369),
(715, '[Z04A] VISITA DE INCLUSÃO NO GAVV', 370),
(716, '[Z04B] VISITA DE RECUSA DE INCLUSÃO', 370),
(717, '[Z04C] VISITA AO AGRESSOR', 370),
(718, '[Z04D] VISITA DE MONITORAMENTO', 370),
(719, '[Z04E] VISITA DE DESLIGAMENTO', 370),
(720, '[Z04F] VISITA DE ENCERRAMENTO', 370),
(721, '[Z04G] ENCAMINHAMENTO PARA A REDE', 370),
(722, '[Z09A] CAPS', 375),
(723, '[Z09B] CREAS', 375),
(724, '[Z09C] CRAVV', 375),
(725, '[Z09D] NUAVV', 375),
(726, '[Z09E] NÚCLEO DE MEDIAÇÃO', 375),
(727, '[Z09F] DEFENSORIA PÚBLICA', 375),
(728, '[Z09G] OUTROS', 375),
(729, '[Z10A] À MULHER COM MEDIDA PROTETIVA', 376),
(730, '[Z10B] À MULHER SEM MEDIDA PROTETIVA', 376),
(731, '[Z10C] A IDOSO COM MEDIDA PROTETIVA', 376),
(732, '[Z10D] A IDOSO SEM MEDIDA PROTETIVA', 376),
(733, '[Z10E] À PESSOA LGBTQIA+ COM MEDIDA PROTETIVA', 376),
(734, '[Z10F] À PESSOA LGBTQIA+ SEM MEDIDA PROTETIVA', 376),
(735, '[Z10G] À CRIANÇA VÍTIMA DE VIOLÊNCIA', 376),
(736, '[Z10H] À PESSOA COM DEFICIÊNCIA VÍTIMA DE VIOLÊNCIA', 376),
(737, '[Z11A] CONSELHOS COMUNITÁRIOS DE DEFESA SOCIAL', 377),
(738, '[Z11B] SECRETARIA  EXECUTIVA REGIONAL', 377),
(739, '[Z11C] COM RESIDENTES', 377),
(740, '[Z11D] COM COMERCIANTES', 377),
(741, '[Z11E] COM ASSOCIAÇÕES', 377),
(742, '[Z11F] COM IGREJAS', 377),
(743, '[Z11G] ESCOLA MUNICIPAL', 377),
(744, '[Z11H] ESCOLA ESTADUAL', 377),
(745, '[Z11I] ESCOLA PARTICULAR', 377),
(746, '[Z11J] OUTROS', 377),
(747, '[Z12A] NO INTERIOR DE ESCOLA MUNICIPAL', 378),
(748, '[Z12B] NO INTERIOR DE ESCOLA ESTADUAL', 378),
(749, '[Z12C] NO INTERIOR DE ESCOLA PARTICULAR', 378),
(750, '[Z12D] AMEAÇA A ESTUDANTES NO TRAJETO CASA-ESCOLA E/OU ESCOLA-CASA', 378),
(751, '[Z12E] AMEAÇA A GESTORES DA COMUNIDADE ESCOLAR', 378),
(752, '[Z12F] AMEAÇA DE ATENTADO À ESCOLA MUNICIPAL', 378),
(753, '[Z12G] AMEAÇA DE ATENTADO À ESCOLA ESTADUAL', 378),
(754, '[Z12H] AMEAÇA DE ATENTADO À ESCOLA PARTICULAR', 378),
(755, '[Z12I] AMEAÇA DE ATENTADO À ESCOLA FEDERAL', 378),
(756, '[Z13A] EM ESCOLA MUNICIPAL', 379),
(757, '[Z13B] EM ESCOLA ESTADUAL', 379),
(758, '[Z13C] EM ESCOLA PARTICULAR', 379),
(759, '[Z13D] EM COMUNIDADE', 379),
(760, '[Z13E] EM COMÉRCIO', 379),
(761, '[Z13F] EM PRAÇA', 379),
(762, '[Z13G] OUTROS', 379),
(763, '[Z14A] EM ESCOLA MUNICIPAL', 380),
(764, '[Z14B] EM ESCOLA ESTADUAL', 380),
(765, '[Z14C] ESCOLA PARTICULAR', 380),
(766, '[Z14D] EM PRAÇA', 380),
(767, '[Z14E] POSTO DE SAÚDE', 380),
(768, '[Z14F] OUTROS', 380);

-- --------------------------------------------------------

--
-- Estrutura para tabela `tipos`
--

CREATE TABLE `tipos` (
  `idTipo` int(11) NOT NULL,
  `nomeTipo` varchar(10000) NOT NULL
) ENGINE=InnoDB DEFAULT CHARSET=utf8mb4 COLLATE=utf8mb4_general_ci;

--
-- Despejando dados para a tabela `tipos`
--

INSERT INTO `tipos` (`idTipo`, `nomeTipo`) VALUES
(1, '[19] PROCEDIMENTOS DE PERÍCIA CONCLUÍDOS'),
(2, '[20] PERÍCIA A SER COMPLEMENTADA'),
(3, '[21] PERÍCIA DESLOCOU-SE INUTILMENTE'),
(4, '[22] TRANSFERIDA PARA A ENGENHARIA'),
(5, '[23] PROCEDIMENTOS DE RABECÃO CONCLUÍDOS'),
(6, '[24] RABECÃO DESLOCOU-SE INUTILMENTE'),
(7, '[25] FAMILIARES NEGARAM ENTREGAR O CORPO'),
(8, '[26] GUIA NÃO LIBERADO PELA DELEGACIA'),
(9, '[27] CONDUZ CORPO NÃO IDENTIFICADO'),
(10, '[28] RABECÃO DANIFICADO NO PERCURSO'),
(11, '[29] SUBSTITUIÇÃO DE RABECÃO'),
(12, '[30] RECUSOU ATEND. MÉDICO PRE-HOSPITALAR'),
(13, '[67] ALARME INDEVIDO'),
(14, '[74] CONDUZIDO AO FORUM PERICLES RIBEIRO'),
(15, '[76] OCORRÊNCIA COMUNICADA AO COMDEC'),
(16, '[78] NÃO ATENDE AO PROTOCOLO DE ENVIO DE EQUIPE'),
(17, '[79] SPIA'),
(18, '[80] ABORDAGEM VEÍCULO SPIA'),
(19, '[81] INQUÉRITO'),
(20, '[A10] SINALIZAÇÃO'),
(21, '[A11] ESTACIONAMENTO INDEVIDO'),
(22, '[A12] VIA'),
(23, '[A13] PRIVATIZAÇÃO DE VIA'),
(24, '[A14] PRIVATIZAÇÃO DE ESTACIONAMENTO PÚBLICO'),
(25, '[A15] FISCALIZAÇÃO TRÂNSITO'),
(26, '[A16] MANIFESTAÇÃO'),
(27, '[A17] SEMÁFORO ENCOBERTO'),
(28, '[A18] OCORRÊNCIA ATÍPICA DA AMC'),
(29, '[A19] CONTEINER IRREGULAR'),
(30, '[A20] CONGESTIONAMENTO'),
(31, '[A222] ACIONAMENTO DE PERÍCIA'),
(32, '[A4] ÁRVORE CAÍDA NA VIA'),
(33, '[A5] CANCELA LINHA FÉRREA QUEBRADA'),
(34, '[A6] FISCALIZAÇÃO ELETRÔNICA COM DEFEITO'),
(35, '[A8] SEMÁFORO COM DEFEITO'),
(36, '[A812] MAUS TRATOS A ANIMAIS OU EM CATIVEIRO'),
(37, '[A814] COMÉRCIO DE ANIMAIS / TRÁFICO'),
(38, '[A820] CAÇA ILEGAL'),
(39, '[A822] PESCA ILEGAL'),
(40, '[A824] TRANSPORTE DE PROD. E SUBPROD.FLORESTAL'),
(41, '[A826] LANÇAMENTO DE RESID.SÓLIDOS A MANACIAIS'),
(42, '[A828] EFLUENTES EM MANANCIAIS'),
(43, '[A830] DESMATAMENTO ILEGAL'),
(44, '[A832] SUPRESSÃO DE VEGETAÇÃO'),
(45, '[A834] USO DE AGROTÓXICOS BIOCIDAS'),
(46, '[A836] CONSTRUÇÃO EM SOLO NÃO EDIFICAVEL'),
(47, '[A840] POLUIÇÃO'),
(48, '[A844] EXTRAÇÃO DE MINÉRIO ILEGAL'),
(49, '[A9] VEÍCULO ABANDONADO NA VIA'),
(50, '[A900] TREINAMENTO'),
(51, '[B10] ACIONAMENTO PRODUTOS PERIGOSOS'),
(52, '[B11] BUSCA E RESGATE DE PESSOAS'),
(53, '[B12] BUSCA E RESGATE DE BENS'),
(54, '[B13] RESGATE DE ANIMAIS'),
(55, '[B14] DESMORONAMENTO'),
(56, '[B2] BUSCA E RESGATE DE CADÁVER'),
(57, '[B3] BUSCA E RESGATE'),
(58, '[B4] INUNDAÇÃO'),
(59, '[B5] RISCO DE ATAQUE DE INSETOS'),
(60, '[B6] DESABAMENTO'),
(61, '[B7] OUTRAS OCORRENCIAS DE SALVAMENTO'),
(62, '[B8] ACIONAMENTO DQBRNE (DEF. QUIM. BIO. RADIOLOGICA, NUCLEAR E EXP.)'),
(63, '[B9] PREVENÇÃO'),
(64, '[C300] APOIO SOLO'),
(65, '[C410] DESACATO'),
(66, '[C412] BRIGA'),
(67, '[C416] DESORDEM'),
(68, '[C418] EMBRIAGUEZ'),
(69, '[C420] EMBRIAGUEZ E DESORDEM'),
(70, '[C422] VADIAGEM'),
(71, '[C424] PESSOA / SITUAÇÃO SUSPEITA'),
(72, '[C426] PERTURBAÇÃO AO SOSSEGO ALHEIO'),
(73, '[C427] CRIME AMBIENTAL'),
(74, '[C430] ESTUPRO'),
(75, '[C432] TENTATIVA DE ESTUPRO'),
(76, '[C434] ATENTADO VIOLENTO AO PUDOR'),
(77, '[C436] ATO OBSCENO'),
(78, '[C438] SEDUÇÃO'),
(79, '[C440] ALICIAMENTO DE ADOLESCENTE'),
(80, '[C441] EXPLORAÇÃO DE LENOCÍNIO'),
(81, '[C442] JOGO DE AZAR'),
(82, '[C444] SERVIR BEBIDA ALCOÓL. A INCAPAZ'),
(83, '[C446] ATIVIDADE PERIGOSA'),
(84, '[C500] MARIA DA PENHA'),
(85, '[D01] ACIONAMENTO DA DEFESA CIVIL'),
(86, '[D02] ACIONAMENTO DA PME'),
(87, '[D5] ABASTECIMENTO DE ÁGUA'),
(88, '[D6] CORTE DE ÁRVORE EM PERIGO'),
(89, '[D99] OCORRÊNCIA ATÍPICA DE BOMBEIRO'),
(90, '[DP001] BOLETIM DE OCORRENCIA PROVISORIO'),
(91, '[E42] OCORRÊNCIA EM ESCOLA PÚBLICA MUNICIPAL DE FORTALEZA'),
(92, '[E43] OCORRÊNCIA EM ESCOLA PÚBLICA MUNICIPAL DE EUSÉBIO'),
(93, '[E44] MANIFESTAÇÃO CIVIL'),
(94, '[E45] INVASÃO/OCUPAÇÃO'),
(95, '[E512] PORTE ILEGAL DE ARMA'),
(96, '[E514] DISPARO DE ARMA'),
(97, '[E516] GREVE'),
(98, '[E518] FUGA DE PRESOS'),
(99, '[E519] TENTATIVA DE FUGA'),
(100, '[E520] REBELIÃO/MOTIM'),
(101, '[E521] OUTRAS OCORRÊNCIAS COM PRESOS'),
(102, '[E522] CONSUMO DE ENTORPECENTES'),
(103, '[E524] TRÁFICO'),
(104, '[E526] ACHADO DE ENTORPECENTES'),
(105, '[E528] ASPIRANDO COLA'),
(106, '[E532] BOCA DE FUMO'),
(107, '[F046] USO ILEGÍTIMO DE UNIFORME OU DISTINTIVO'),
(108, '[F151] VIOLAÇÃO DE COMUNICAÇÃO/FONE/RÁDIO/ETC'),
(109, '[F266] PERTURBAÇÃO DE SERVIÇO ESSENCIAL/FONE'),
(110, '[F304] USO DE DOCUMENTO FALSO'),
(111, '[F339] DENUNCIAÇÃO CALUNIOSA'),
(112, '[F340] COMUNICAÇÃO FALSA DE CRIME'),
(113, '[F345] EXERCICIO ARBITRARIO DAS PROPRIAS RAZOES'),
(114, '[F359] DESOBEDECER DECISAO JUDICIAL'),
(115, '[F370] OCORR. FABRIC. CLANDESTINA DE FOGOS'),
(116, '[G100] PATRULHAMENTO AÉREO'),
(117, '[G3] CHOQUE ELÉTRICO'),
(118, '[G4] EMERGÊNCIA OBSTÉTRICA'),
(119, '[G5] INTOXICAÇÃO EXÓGENA/ENVENENAMENTO'),
(120, '[G6] MAL SÚBITO'),
(121, '[G6A] ADULTO NÃO G.O.'),
(122, '[G7] QUEDA'),
(123, '[G8] QUEIMADURA'),
(124, '[GM001] CANCELA LINHA FÉRREA BAIXADA'),
(129, '[GM002] ALERTA LPR - VEÍCULO SUSPEITO'),
(130, '[GM003] ALERTA LPR - VEÍCULO ROUBADO'),
(131, '[GM004] ALERTA LPR - VEÍCULO CLONADO'),
(132, '[GM005] PREVENÇÃO DE ACIDENTE'),
(133, '[GM006] VEÍCULO DETERIORODADO/CARCAÇA'),
(134, '[GM007] APOIO A PESSOA PASSANDO MAL'),
(135, '[GM008] APOIO A SECRETARIA MUNICIPAL'),
(136, '[GM009] ISOLAMENTO DE VIA'),
(137, '[GM010] CORREIÇÃO MUNICIPAL'),
(138, '[GM011] SINALIZAÇÃO DE TRANSITO'),
(139, '[GM012] FISCALIZAÇÃO DE TRÂNSITO'),
(140, '[GM013] OCORRÊNCIA ATIPICA GM'),
(141, '[GM014] PRIVATIZAÇÃO DE ESPAÇO PUBLICO'),
(142, '[GM015] CONSTRUÇÃO CIVIL IRREGULAR'),
(143, '[GM016] POLUIÇÃO VISUAL'),
(144, '[GM017] ILUMINAÇÃO PÚBLICA APAGADA'),
(145, '[GM018] ORIENTAÇÃO DE TRANSITO'),
(146, '[GM019] ORDEM DE SERVIÇO'),
(147, '[GM020] VEÍCULO ADULTERADO'),
(148, '[GM021] BATEDOR EM VIA'),
(149, '[GM022] BUEIRO ABERTO'),
(150, '[GM023] PREVENÇÃO DE FURTO'),
(151, '[GM024] PREVENÇÃO ROUBO'),
(152, '[GM025] PESSOA EM SITUAÇÃO DE RUA'),
(153, '[I4] OCORRÊNCIA COM GASES'),
(154, '[I5] OBJETO PRESO AO CORPO'),
(155, '[IA1] INCÊNDIO - RESIDÊNCIA UNIFAMILIAR'),
(156, '[IA2] INCÊNDIO - RESIDÊNCIA MULTIFAMILIAR'),
(157, '[IA3] INCÊNDIO - RESIDÊNCIA HAB. COLETIVA'),
(158, '[IB1] INCÊNDIO - HOTEL E ASSEMELHADOS'),
(159, '[IB2] INCÊNDIO - HOTEL RESIDENCIAL'),
(160, '[IC1] INCÊNDIO - ED. COMERCIAL - BAIXA CARGA'),
(161, '[IC2] INCÊNDIO - ED. COMERCIAL - MÉDIA/ALTA CARGA'),
(162, '[IC3] INCÊNDIO - ED. COMERCIAL - SHOPPING'),
(163, '[ID1] INCÊNDIO - ESCRITÓRIOS - PRESTAÇÃO DE SERV.'),
(164, '[ID2] INCÊNDIO - ESCRITÓRIOS - AGÊNCIA BANCÁRIA'),
(165, '[ID3] INCÊNDIO - ESCRITÓRIOS - SERV. REPARAÇÃO'),
(166, '[ID4] INCÊNDIO - ESCRITÓRIOS - LABORATÓRIO'),
(167, '[IE1] INCÊNDIO - ED. ESCOLAR - EM GERAL'),
(168, '[IE2] INCÊNDIO - ED. ESCOLAR - ESPECIAL'),
(169, '[IE3] INCÊNDIO - ED. ESCOLAR - CULTURA FÍSICA'),
(170, '[IE4] INCÊNDIO - ED. ESCOLAR - TREIN. PROFISSIONAL'),
(171, '[IE5] INCÊNDIO - ED. PRÉ-ESCOLAR'),
(172, '[IE6] INCÊNDIO - ED. ESCOLAR - PORT. DE DEFICIÊNCIA'),
(173, '[IF1] INCÊNDIO - REUNIÃO DE PÚBLICO - OBJ. DE VALOR INESTIMÁVEL'),
(174, '[IF2] INCÊNDIO - REUNIÃO DE PÚBLICO - LOC. RELIGIOSO/VELÓRIO'),
(175, '[IF3] INCÊNDIO - REUNIÃO DE PÚBLICO - CENTRO ESPORTIVO/LOCAL DIVERSÃO'),
(176, '[IF4] INCÊNDIO - REUNIÃO DE PÚBLICO - ESTAÇÃO E TERMINAL PASSAGEIROS'),
(177, '[IF5] INCÊNDIO - REUNIÃO DE PÚBLICO - ARTE CÊNICA E AUDITÓRIO'),
(178, '[IF6] INCÊNDIO - REUNIÃO DE PÚBLICO - CLUBE SOCIAL E DIVERSÃO'),
(179, '[IF7] INCÊNDIO - REUNIÃO DE PÚBLICO - CONSTRUÇÃO PROVISÓRIA'),
(180, '[IF8] INCÊNDIO - REUNIÃO DE PÚBLICO - LOCAL PARA REFEIÇÃO'),
(181, '[IF9] INCÊNDIO - REUNIÃO DE PÚBLICO - RECREAÇÃO PÚBLICA'),
(182, '[IF10] INCÊNDIO - REUNIÃO DE PÚBLICO - EXPOSIÇÃO OBJETOS/ANIMAIS'),
(183, '[IG1] INCÊNDIO - POSTOS E GARAGENS - S/ ACESSO DE PÚBLICO S/ ABASTECIMENTO'),
(184, '[IG2] INCÊNDIO - POSTOS E GARAGENS - C/ ACESSO DE PÚBLICO S/ ABASTECIMENTO'),
(185, '[IG3] INCÊNDIO - POSTOS E GARAGENS - LOCAL DOTADO DE ABAST. COMBUSTÍVEL'),
(186, '[IG4] INCÊNDIO - POSTOS E GARAGENS - SERV. CONSERVAÇÃO, MANUT. E REPAROS'),
(187, '[IG5] INCÊNDIO - POSTOS E GARAGENS - HANGARES'),
(188, '[IH1] INCÊNDIO - HOSPITAIS E REP. PÚBLICAS - HOSP. VETERINÁRIO E SIMILAR'),
(189, '[IH2] INCÊNDIO - HOSPITAIS E REP. PÚBLICAS - LOCAL DE CUIDADOS ESPECIAIS'),
(190, '[IH3] INCÊNDIO - HOSPITAIS E REP. PÚBLICAS - HOSPITAL E ASSEMELHADO'),
(191, '[IH4] INCÊNDIO - HOSPITAIS E REP. PÚBLICAS - ED. FORÇAS ARMADAS/POLICIAIS'),
(192, '[IH5] INCÊNDIO - HOSPITAIS E REP. PÚBLICAS - LOCAL LIBERDADE RESTRITA'),
(193, '[IH6] INCÊNDIO - HOSPITAIS E REP. PÚBLICAS - CLÍNICAS CONSULT. MED. ODONTO.'),
(194, '[II1] INCÊNDIO - INDUSTRIAL - LOCAL C/ BAIXO POTENCIAL DE INCÊNDIO'),
(195, '[II2] INCÊNDIO - INDUSTRIAL - LOCAL C/ MÉDIO POTENCIAL DE INCÊNDIO'),
(196, '[II3] INCÊNDIO - INDUSTRIAL - LOCAL C/ ALTO POTENCIAL DE INCÊNDIO'),
(197, '[IJ1] INCÊNDIO - DEP. MAT. INCOMBUSTÍVEL/BAIXA CARGA DE INCÊNDIO'),
(198, '[IJ2] INCÊNDIO - DEP. MAT. MÉDIA CARGA DE INCÊNDIO'),
(199, '[IJ3] INCÊNDIO - DEP. MAT. ALTA CARGA DE INCÊNDIO'),
(200, '[IL1] INCÊNDIO - EXPLOSIVOS - COMÉRCIO'),
(201, '[IL2] INCÊNDIO - EXPLOSIVOS - INDÚSTRIA'),
(202, '[IL3] INCÊNDIO - EXPLOSIVOS - DEPÓSITO'),
(203, '[IM1] INCÊNDIO - ESPECIAIS E TANQUES - TÚNEL'),
(204, '[IM2] INCÊNDIO - ESPECIAIS E TANQUES - TANQUES/PARQUE DE TANQUES'),
(205, '[IM3] INCÊNDIO - ESPECIAIS E TANQUES - CENTRAL DE COMUNICAÇÃO/ENERGIA'),
(206, '[IM4] INCÊNDIO - ESPECIAIS E TANQUES - PROPRIEDADE EM TRANSFORMAÇÃO'),
(207, '[IM5] INCÊNDIO - ESPECIAIS E TANQUES - PROCESSAMENTO DE LIXO'),
(208, '[IM6] INCÊNDIO - ESPECIAIS E TANQUES - TERRA SELVAGEM'),
(209, '[IM7] INCÊNDIO - ESPECIAIS E TANQUES - PÁTIO DE CONTEINERS'),
(210, '[IP1] INCÊNDIO EM PRODUTOS PERIGOSOS'),
(211, '[IQ1] INCÊNDIO EM REDE ELÉTRICA PÚBLICA'),
(212, '[IR1] INCÊNDIO EM MONTURO'),
(213, '[IV1] INCÊNDIO EM VEGETAÇÃO - ÁREA PÚBLICA'),
(214, '[IV2] INCÊNDIO EM VEGETAÇÃO - ÁREA PRIVADA'),
(215, '[IV3] INCÊNDIO EM VEGETAÇÃO - ÁREA DE PROT. AMBIENTAL'),
(216, '[IW1] INCÊNDIO - VEÍCULOS AUT. - PARTICULAR'),
(217, '[IW2] INCÊNDIO -  VEÍCULOS AUT. - OFICIAIS'),
(218, '[IW3] INCÊNDIO - VEÍCULOS - EMBARCAÇÕES'),
(219, '[IW4] INCÊNDIO - VEÍCULOS - AERONAVES'),
(220, '[IW5] INCÊNDIO - TREM/METRÔ'),
(221, '[IW6] INCÊNDIO - VEÍCULOS AUT. - TRANSP. DE PASSAGEIROS'),
(222, '[IX1] INCÊNDIO RESIDÊNCIA APP190'),
(223, '[IX2] INCÊNDIO VEGETAÇÃO APP190'),
(224, '[J1] CRIME ELEITORAL'),
(225, '[L105] CRIME POR ORIENTAÇÃO SEXUAL'),
(226, '[M254] ENEM'),
(227, '[M300] MOTO SEGURA'),
(228, '[M310] ROUBO'),
(229, '[M311] OCORRÊNCIA EM HOTEL'),
(230, '[M312] OCORRÊNCIA COM TURISTA'),
(231, '[M319] DESCUMPRIMENTO DE PROTEÇÃO INDIVIDUAL'),
(232, '[M320] AGLOMERAÇÕES'),
(233, '[M321] COMÉRCIO ABERTO'),
(234, '[M322] ROUBO DE VEÍCULO'),
(235, '[M323] ROUBO EM VEICULO'),
(236, '[M324] FURTO DE VEÍCULO'),
(237, '[M325] FURTO EM VEÍCULO'),
(238, '[M328] FURTO'),
(239, '[M329] APROPRIAÇÃO INDÉBITA'),
(240, '[M330] VISITA DOMICILIAR'),
(241, '[M336] VIOLAÇÃO A DOMICÍLIO'),
(242, '[M338] DANOS/DEPREDAÇÃO'),
(243, '[M340] INSOLVÊNCIA DE DESPESA'),
(244, '[M342] VIOLAÇÃO DE MEDIDA PROTETIVA'),
(245, '[M346] ALARME'),
(246, '[M348] SAQUE'),
(247, '[M350] AMEAÇA DE BOMBA'),
(248, '[M351] EXPLOSÃO'),
(249, '[M352] ABANDONO DE MATERIAL OU BENS MÓVEIS'),
(250, '[M353] PESSOA DESAPARECIDA'),
(251, '[M355] ATO TERRORISTA'),
(252, '[M356] ACHADO DE SUBSTÂNCIA SUSPEITA'),
(253, '[M357] ATENTADO CONTRA SEGURANÇA DE TRANSPORTE'),
(254, '[M360] PREVENÇÃO EM TORRE DE RÁDIO SSPDS'),
(255, '[M361] ALERTA EM TORRE DE RÁDIO SSPDS'),
(256, '[M370] S21 - URGENTE'),
(257, '[M380] APOIO ADAGRI'),
(258, '[M390] OCORRÊNCIAS EXTRAORDINÁRIAS'),
(259, '[M391] OP. CONTRA ATAQUE'),
(260, '[M400] IMPORTUNAÇÃO SEXUAL'),
(261, '[M450] 10º RM - Detonação de Explosivos'),
(262, '[M451] 10º RM - Escolta de Explosivos'),
(263, '[M500] GRUPO CRIMINOSO'),
(264, '[M501] ARENA CASTELÃO'),
(265, '[M650] PICHAÇÃO'),
(266, '[M652] ESBULHO POSSESSORIO'),
(267, '[M700] TUMULTO EM EVENTOS ESPORTIVOS'),
(268, '[M710] CONFRONTO DE TORCEDORES'),
(269, '[M720] LESÕES CORPORAIS EM EVENTOS ESPORTIVOS'),
(270, '[M730] HOMICÍDIOS EM EVENTOS ESPORTIVOS'),
(271, '[M740] PORTE EM EVENTOS ESPORTIVOS'),
(272, '[M750] DANO EM EVENTOS ESPORTIVOS'),
(273, '[M760] TRÁFICO DE DROGAS EM EVENTOS ESPORTIVOS'),
(274, '[M761] CAMBISMO'),
(275, '[M762] USO DE DROGAS EM EVENTOS ESPORTIVOS'),
(276, '[M763] RACISMO EM EVENTOS ESPORTIVOS'),
(277, '[M764] ROUBO EM EVENTOS ESPORTIVOS'),
(278, '[M765] FURTO EM EVENTOS ESPORTIVOS'),
(279, '[M766] DESACATO EM EVENTOS ESPORTIVOS'),
(280, '[O205] EXERC DE ATIV MESMO IMPEDIDO P/DECIS ADM'),
(281, '[OE1] OFICIOS EXPEDIDOS'),
(282, '[P110] VIOLAÇÃO DA MONITORAÇÃO ELETRÔNICA DE PESSOAS'),
(283, '[P133] ABANDONO DE INCAPAZ'),
(284, '[P210] LINHA COM CEROL'),
(285, '[P212] AGRESSÃO/VIAS DE FATO'),
(286, '[P214] HOMICÍDIO'),
(287, '[P222] TENTATIVA DE HOMICÍDIO'),
(288, '[P224] LESÃO CORPORAL'),
(289, '[P230] SUICÍDIO'),
(290, '[P236] ACHADO DE CADÁVER'),
(291, '[P242] AFOGAMENTO'),
(292, '[P244] ACHADO DE FETO'),
(293, '[P246] SEQUESTRO'),
(294, '[P248] RAPTO'),
(295, '[P249] PACIENTE S/ IDENTIFICAÇÃO'),
(296, '[P251] OCORR. C/ OUTRAS AUTORIDADES'),
(297, '[P252] OCORRÊNCIA COM POLICIAL'),
(298, '[P253] OCORRÊNCIA COM AGENTE MUNICIPAL'),
(299, '[P254] OCORR.COM BOM.MIL.'),
(300, '[P262] OCORR.COM MIL.DAS FFAA.'),
(301, '[P268] MAUS TRATOS À CRIANÇA, ADOLESCENTE OU IDOSO'),
(302, '[P270] EXTORSÃO'),
(303, '[P271] EXTORSÃO MEDIANTE SEQUESTRO'),
(304, '[P272] ESTELIONATO/FRAUDE'),
(305, '[P273] OCULTAÇÃO DE CADÁVER'),
(306, '[P274] FALSIDADE IDEOLÓGICA'),
(307, '[P275] FALSA IDENTIDADE'),
(308, '[P276] RECEPTAÇÃO'),
(309, '[P278] LATROCÍNIO'),
(310, '[P280] VIOLAÇÃO DE SEPULTURA'),
(311, '[P282] ACIDENTE DE TRABALHO'),
(312, '[P38] GUIA CADAVÉRICA'),
(313, '[P521] CÁRCERE PRIVADO'),
(314, '[P523] CONSTRAGIMENTO ILEGAL'),
(315, '[P525] CONTRABANDO'),
(316, '[P527] CORRUPCAO ATIVA/PASSIVA'),
(317, '[P529] PECULATO'),
(318, '[P531] VILIPÊNDIO A CADAVER'),
(319, '[P533] PRECONCEITO RACIAL'),
(320, '[PBTP] PB TOPOTÁTICO'),
(321, '[R1] AERÓDROMO'),
(322, '[R707] ACIDENTE COM AERONAVE'),
(323, '[RE01] REBOQUE'),
(324, '[RF010] RECONHECIMENTO FACIAL / MANDADO DE PRISÃO EM ABERTO'),
(325, '[RF011] RECONHECIMENTO FACIAL / PESSOA DESAPARECIDA'),
(326, '[S194] ACIONAMENTO DO JUIZADO MÓVEL'),
(327, '[S612] CONDUÇÃO'),
(328, '[S620] PESSOA PERDIDA'),
(329, '[S622] ESCOLTA DE PRESO'),
(330, '[S623] CUMPRIMENTO DE MANDADO JUDICIAL'),
(331, '[S630] APOIO A AUTORIDADE'),
(332, '[S631] APOIO A AUTORIDADE MP'),
(333, '[S634] PRESERVAÇÃO DO LOCAL DO CRIME'),
(334, '[S636] POLICIAMENTO'),
(335, '[S638] TRANSPORTE DE VALORES'),
(336, '[S645] LOCALIZAÇÃO DE PRESO/FUGITIVO'),
(337, '[S650] CAPTURA DE PRESO/FUGITIVO'),
(338, '[S680] OCORRÊNCIA ATÍPICA DA PC'),
(339, '[S689] REUNIÃO OPERACIONAL'),
(340, '[S690] OCORRÊNCIA ATÍPICA DA PM'),
(341, '[S691] OCORRÊNCIA ATÍPICA DO IML'),
(342, '[T112] ATROPELAMENTO'),
(343, '[T123] ACIDENTE DE TRÂNSITO'),
(344, '[T124] ACIDENTE DE TRÂNSITO EM ROD. FEDERAIS'),
(345, '[T128] CHOQUE'),
(346, '[T132] TOMBAMENTO'),
(347, '[T138] CAPOTAMENTO'),
(348, '[T144] EMBRIAGUEZ AO VOLANTE'),
(349, '[T148] VEÍCULO LOCALIZADO'),
(350, '[T150] ADOLESCENTE/DIREÇÃO'),
(351, '[T152] DIREÇÃO PERIGOSA'),
(352, '[T154] NÃO HABILITADO'),
(353, '[T162] ACIDENTE COM VIATURA'),
(354, '[T334] ALERTA AGILIS'),
(355, '[T335] ALERTA LPR - CFTV'),
(356, '[U1] MANUTENÇÃO DE VIATURA'),
(357, '[U12] ACIDENTE VASCULAR CEREBRAL'),
(358, '[U13] URG/EMERG. HIPERTENSIVA'),
(360, '[U16] QUEDA DE MOTO'),
(361, '[U19] ABORTAMENTO'),
(362, '[U2] ACIDENTE COM MÚLTIPLAS VÍTIMAS'),
(363, '[U22] OCORRÊNCIA PSIQUIÁTRICA'),
(364, '[V1] OPO'),
(365, '[V2] PB'),
(366, '[V3] SEGURANÇA NO PONTO'),
(367, '[Z01] ACOMP. DE MULHER COM MEDIDA'),
(368, '[Z02] ACOMP. DE MULHER SEM MEDIDA PROTETIVA'),
(369, '[Z03] ACOMP. DE IDOSO COM MEDIDA PROTETIVA'),
(370, '[Z04] ACOMPANHAMENTO DE IDOSO SEM MEDIDA PROTETIVA'),
(371, '[Z05] ACOMPANHAMENTO DE CRIANÇA VÍTIMA DE VIOLÊNCIA'),
(372, '[Z06] ACOMP. DE LGBTQIAP+ COM MEDIDA PROTETIVA'),
(373, '[Z07] ACOMP. DE LGBTQIAP+ SEM MEDIDA PROTETIVA'),
(374, '[Z08] ACOMP. DE PESSOA COM DEFIC. VÍTIMA DE VIOLÊNCIA'),
(375, '[Z09] DESLOC. PARA ATEND. NA REDE DE PROTEÇÃO SOCIAL'),
(376, '[Z10] ATENDIMENTO REMOTO'),
(377, '[Z11] REUNIÃO DE PROXIMIDADE'),
(378, '[Z12] ATENDIMENTO ESPECIALIZADO EM ESCOLA'),
(379, '[Z13] POLICIAMENTO PREVENTIVO'),
(380, '[Z14] POLICIAMENTO DE REFERÊNCIA TEMPORÁRIO');

-- --------------------------------------------------------

--
-- Estrutura para tabela `tipo_responsavel`
--

CREATE TABLE `tipo_responsavel` (
  `id` int(11) NOT NULL,
  `idTipo` int(11) NOT NULL,
  `responsavel` varchar(50) NOT NULL
) ENGINE=InnoDB DEFAULT CHARSET=utf8mb4 COLLATE=utf8mb4_general_ci;

--
-- Despejando dados para a tabela `tipo_responsavel`
--

INSERT INTO `tipo_responsavel` (`id`, `idTipo`, `responsavel`) VALUES
(1, 1, 'Despacho_PM'),
(2, 2, 'Despacho_PM'),
(3, 3, 'Despacho_PM'),
(4, 4, 'Despacho_PM'),
(5, 5, 'Despacho_PM'),
(6, 6, 'Despacho_PM'),
(7, 7, 'Despacho_PM'),
(8, 8, 'Despacho_PM'),
(9, 9, 'Despacho_PM'),
(10, 10, 'Despacho_PM'),
(11, 11, 'Despacho_PM'),
(12, 12, 'Despacho_PM'),
(13, 13, 'Despacho_PM'),
(14, 13, 'Despacho_BM'),
(15, 13, 'Despacho_GCMS'),
(16, 14, 'Despacho_PM'),
(17, 15, 'Despacho_PM'),
(18, 16, 'Despacho_PM'),
(19, 16, 'Despacho_BM'),
(20, 16, 'Despacho_GCMS'),
(21, 17, 'Despacho_PM'),
(22, 17, 'Despacho_BM'),
(23, 17, 'Despacho_GCMS'),
(24, 18, 'Despacho_PM'),
(25, 19, 'Despacho_PM'),
(26, 19, 'Despacho_GCMS'),
(27, 20, 'Despacho_GCMS'),
(28, 21, 'Despacho_GCMS'),
(29, 22, 'Despacho_GCMS'),
(30, 23, 'Despacho_GCMS'),
(31, 24, 'Despacho_GCMS'),
(32, 25, 'Despacho_GCMS'),
(33, 26, 'Despacho_GCMS'),
(34, 26, 'Despacho_PM'),
(35, 27, 'Despacho_GCMS'),
(36, 28, 'Despacho_GCMS'),
(37, 29, 'Despacho_GCMS'),
(38, 30, 'Despacho_GCMS'),
(39, 30, 'Despacho_PM'),
(40, 31, 'Despacho_GCMS'),
(41, 31, 'Despacho_PM'),
(42, 32, 'Despacho_GCMS'),
(43, 32, 'Despacho_BM'),
(44, 33, 'Despacho_GCMS'),
(45, 34, 'Despacho_GCMS'),
(46, 35, 'Despacho_GCMS'),
(47, 36, 'Despacho_PM'),
(48, 37, 'Despacho_PM'),
(49, 38, 'Despacho_PM'),
(50, 39, 'Despacho_PM'),
(51, 40, 'Despacho_PM'),
(52, 41, 'Despacho_PM'),
(53, 42, 'Despacho_PM'),
(54, 43, 'Despacho_PM'),
(55, 44, 'Despacho_PM'),
(56, 45, 'Despacho_PM'),
(57, 46, 'Despacho_PM'),
(58, 46, 'Despacho_GCMS'),
(59, 47, 'Despacho_PM'),
(60, 47, 'Despacho_GCMS'),
(61, 48, 'Despacho_PM'),
(62, 49, 'Despacho_PM'),
(63, 49, 'Despacho_GCMS'),
(64, 50, 'Despacho_PM'),
(65, 50, 'Despacho_BM'),
(66, 50, 'Despacho_GCMS'),
(67, 51, 'Despacho_BM'),
(68, 52, 'Despacho_BM'),
(69, 53, 'Despacho_BM'),
(70, 54, 'Despacho_BM'),
(71, 55, 'Despacho_BM'),
(72, 55, 'Despacho_GCMS'),
(73, 56, 'Despacho_BM'),
(74, 56, 'Despacho_PM'),
(75, 57, 'Despacho_BM'),
(76, 58, 'Despacho_PM'),
(77, 58, 'Despacho_BM'),
(78, 58, 'Despacho_GCMS'),
(79, 59, 'Despacho_BM'),
(80, 60, 'Despacho_BM'),
(81, 60, 'Despacho_PM'),
(82, 61, 'Despacho_BM'),
(83, 62, 'Despacho_BM'),
(84, 63, 'Despacho_BM'),
(85, 63, 'Despacho_GCMS'),
(86, 63, 'Despacho_PM'),
(87, 64, 'Despacho_BM'),
(88, 64, 'Despacho_GCMS'),
(89, 64, 'Despacho_PM'),
(90, 65, 'Despacho_PM'),
(91, 65, 'Despacho_BM'),
(92, 65, 'Despacho_GCMS'),
(93, 66, 'Despacho_PM'),
(94, 67, 'Despacho_PM'),
(95, 68, 'Despacho_PM'),
(96, 69, 'Despacho_PM'),
(97, 70, 'Despacho_PM'),
(98, 71, 'Despacho_PM'),
(99, 72, 'Despacho_PM'),
(100, 73, 'Despacho_PM'),
(101, 73, 'Despacho_BM'),
(102, 74, 'Despacho_PM'),
(103, 75, 'Despacho_PM'),
(104, 76, 'Despacho_PM'),
(105, 77, 'Despacho_PM'),
(106, 78, 'Despacho_PM'),
(107, 79, 'Despacho_PM'),
(108, 80, 'Despacho_PM'),
(109, 81, 'Despacho_PM'),
(110, 82, 'Despacho_PM'),
(111, 83, 'Despacho_PM'),
(112, 84, 'Despacho_PM'),
(113, 85, 'Despacho_GCMS'),
(114, 86, 'Despacho_PM'),
(115, 87, 'Despacho_GCMS'),
(116, 87, 'Despacho_PM'),
(117, 87, 'Despacho_BM'),
(118, 88, 'Despacho_BM'),
(119, 89, 'Despacho_BM'),
(120, 90, 'Despacho_PM'),
(121, 91, 'Despacho_PM'),
(122, 92, 'Despacho_PM'),
(123, 93, 'Despacho_PM'),
(124, 93, 'Despacho_GCMS'),
(125, 94, 'Despacho_PM'),
(126, 95, 'Despacho_PM'),
(127, 96, 'Despacho_PM'),
(128, 97, 'Despacho_PM'),
(129, 97, 'Despacho_GCMS'),
(130, 98, 'Despacho_PM'),
(131, 99, 'Despacho_PM'),
(132, 100, 'Despacho_PM'),
(133, 101, 'Despacho_PM'),
(134, 102, 'Despacho_PM'),
(135, 103, 'Despacho_PM'),
(136, 104, 'Despacho_PM'),
(137, 105, 'Despacho_PM'),
(138, 106, 'Despacho_PM'),
(139, 107, 'Despacho_PM'),
(140, 108, 'Despacho_PM'),
(141, 109, 'Despacho_PM'),
(142, 110, 'Despacho_PM'),
(143, 111, 'Despacho_PM'),
(144, 112, 'Despacho_PM'),
(145, 113, 'Despacho_PM'),
(146, 114, 'Despacho_PM'),
(147, 115, 'Despacho_PM'),
(148, 115, 'Despacho_BM'),
(149, 116, 'Despacho_PM'),
(150, 117, 'Despacho_BM'),
(151, 118, 'Despacho_BM'),
(152, 119, 'Despacho_BM'),
(153, 120, 'Despacho_BM'),
(154, 121, 'Despacho_BM'),
(155, 122, 'Despacho_BM'),
(156, 123, 'Despacho_BM'),
(157, 124, 'Despacho_GCMS'),
(158, 129, 'Despacho_PM'),
(159, 130, 'Despacho_PM'),
(160, 131, 'Despacho_PM'),
(161, 132, 'Despacho_GCMS'),
(162, 132, 'Despacho_PM'),
(163, 133, 'Despacho_GCMS'),
(164, 134, 'Despacho_GCMS'),
(165, 134, 'Despacho_PM'),
(166, 135, 'Despacho_GCMS'),
(167, 135, 'Despacho_PM'),
(168, 136, 'Despacho_GCMS'),
(169, 137, 'Despacho_PM'),
(170, 137, 'Despacho_GCMS'),
(171, 138, 'Despacho_GCMS'),
(172, 139, 'Despacho_GCMS'),
(173, 140, 'Despacho_GCMS'),
(174, 141, 'Despacho_GCMS'),
(175, 142, 'Despacho_GCMS'),
(176, 143, 'Despacho_GCMS'),
(177, 144, 'Despacho_GCMS'),
(178, 145, 'Despacho_GCMS'),
(179, 146, 'Despacho_GCMS'),
(180, 147, 'Despacho_GCMS'),
(181, 148, 'Despacho_GCMS'),
(182, 149, 'Despacho_GCMS'),
(183, 150, 'Despacho_GCMS'),
(184, 151, 'Despacho_GCMS'),
(185, 152, 'Despacho_GCMS'),
(186, 153, 'Despacho_BM'),
(187, 154, 'Despacho_BM'),
(188, 155, 'Despacho_BM'),
(189, 156, 'Despacho_BM'),
(190, 157, 'Despacho_BM'),
(191, 158, 'Despacho_BM'),
(192, 159, 'Despacho_BM'),
(193, 160, 'Despacho_BM'),
(194, 161, 'Despacho_BM'),
(195, 162, 'Despacho_BM'),
(196, 163, 'Despacho_BM'),
(197, 164, 'Despacho_BM'),
(198, 165, 'Despacho_BM'),
(199, 166, 'Despacho_BM'),
(200, 167, 'Despacho_BM'),
(201, 168, 'Despacho_BM'),
(202, 169, 'Despacho_BM'),
(203, 170, 'Despacho_BM'),
(204, 171, 'Despacho_BM'),
(205, 172, 'Despacho_BM'),
(206, 173, 'Despacho_BM'),
(207, 174, 'Despacho_BM'),
(208, 175, 'Despacho_BM'),
(209, 176, 'Despacho_BM'),
(210, 177, 'Despacho_BM'),
(211, 178, 'Despacho_BM'),
(212, 179, 'Despacho_BM'),
(213, 180, 'Despacho_BM'),
(214, 181, 'Despacho_BM'),
(215, 182, 'Despacho_BM'),
(216, 183, 'Despacho_BM'),
(217, 184, 'Despacho_BM'),
(218, 185, 'Despacho_BM'),
(219, 186, 'Despacho_BM'),
(220, 187, 'Despacho_BM'),
(221, 188, 'Despacho_BM'),
(222, 189, 'Despacho_BM'),
(223, 190, 'Despacho_BM'),
(224, 191, 'Despacho_BM'),
(225, 192, 'Despacho_BM'),
(226, 193, 'Despacho_BM'),
(227, 194, 'Despacho_BM'),
(228, 195, 'Despacho_BM'),
(229, 196, 'Despacho_BM'),
(230, 197, 'Despacho_BM'),
(231, 198, 'Despacho_BM'),
(232, 199, 'Despacho_BM'),
(233, 200, 'Despacho_BM'),
(234, 201, 'Despacho_BM'),
(235, 202, 'Despacho_BM'),
(236, 203, 'Despacho_BM'),
(237, 204, 'Despacho_BM'),
(238, 205, 'Despacho_BM'),
(239, 206, 'Despacho_BM'),
(240, 207, 'Despacho_BM'),
(241, 208, 'Despacho_BM'),
(242, 209, 'Despacho_BM'),
(243, 210, 'Despacho_BM'),
(244, 211, 'Despacho_BM'),
(245, 212, 'Despacho_BM'),
(246, 213, 'Despacho_BM'),
(247, 214, 'Despacho_BM'),
(248, 215, 'Despacho_BM'),
(249, 216, 'Despacho_BM'),
(250, 217, 'Despacho_BM'),
(251, 218, 'Despacho_BM'),
(252, 219, 'Despacho_BM'),
(253, 220, 'Despacho_BM'),
(254, 221, 'Despacho_BM'),
(255, 222, 'Despacho_BM'),
(256, 223, 'Despacho_BM'),
(257, 224, 'Despacho_BM'),
(258, 225, 'Despacho_BM'),
(259, 226, 'Despacho_BM'),
(260, 227, 'Despacho_BM'),
(261, 228, 'Despacho_PM'),
(262, 229, 'Despacho_BM'),
(263, 230, 'Despacho_BM'),
(264, 231, 'Despacho_BM'),
(265, 232, 'Despacho_BM'),
(266, 233, 'Despacho_BM'),
(267, 234, 'Despacho_BM'),
(268, 235, 'Despacho_BM'),
(269, 236, 'Despacho_BM'),
(270, 237, 'Despacho_BM'),
(271, 238, 'Despacho_BM'),
(272, 239, 'Despacho_BM'),
(273, 240, 'Despacho_BM'),
(274, 241, 'Despacho_BM'),
(275, 242, 'Despacho_BM'),
(276, 243, 'Despacho_BM'),
(277, 244, 'Despacho_BM'),
(278, 245, 'Despacho_BM'),
(279, 246, 'Despacho_BM'),
(280, 247, 'Despacho_BM'),
(281, 248, 'Despacho_BM'),
(282, 249, 'Despacho_BM'),
(283, 250, 'Despacho_BM'),
(284, 251, 'Despacho_BM'),
(285, 252, 'Despacho_BM'),
(286, 253, 'Despacho_BM'),
(287, 254, 'Despacho_BM'),
(288, 255, 'Despacho_BM'),
(289, 256, 'Despacho_BM'),
(290, 257, 'Despacho_BM'),
(291, 258, 'Despacho_BM'),
(292, 259, 'Despacho_BM'),
(293, 260, 'Despacho_BM'),
(294, 261, 'Despacho_BM'),
(295, 262, 'Despacho_BM'),
(296, 263, 'Despacho_BM'),
(297, 264, 'Despacho_BM'),
(298, 265, 'Despacho_BM'),
(299, 266, 'Despacho_BM'),
(300, 267, 'Despacho_BM'),
(301, 268, 'Despacho_BM'),
(302, 269, 'Despacho_BM'),
(303, 270, 'Despacho_BM'),
(304, 271, 'Despacho_BM'),
(305, 272, 'Despacho_BM'),
(306, 273, 'Despacho_BM'),
(307, 274, 'Despacho_BM'),
(308, 275, 'Despacho_BM'),
(309, 276, 'Despacho_BM'),
(310, 277, 'Despacho_BM'),
(311, 278, 'Despacho_BM'),
(312, 279, 'Despacho_BM'),
(313, 280, 'Despacho_BM'),
(314, 281, 'Despacho_BM'),
(315, 282, 'Despacho_BM'),
(316, 283, 'Despacho_BM'),
(317, 284, 'Despacho_BM'),
(318, 285, 'Despacho_BM'),
(319, 286, 'Despacho_BM'),
(320, 287, 'Despacho_BM'),
(321, 288, 'Despacho_BM'),
(322, 289, 'Despacho_BM'),
(323, 290, 'Despacho_BM'),
(324, 291, 'Despacho_BM'),
(325, 292, 'Despacho_BM'),
(326, 293, 'Despacho_BM'),
(327, 294, 'Despacho_BM'),
(328, 295, 'Despacho_BM'),
(329, 296, 'Despacho_BM'),
(330, 297, 'Despacho_BM'),
(331, 298, 'Despacho_BM'),
(332, 299, 'Despacho_BM'),
(333, 300, 'Despacho_BM'),
(334, 301, 'Despacho_PM'),
(335, 302, 'Despacho_PM'),
(336, 303, 'Despacho_PM'),
(337, 304, 'Despacho_PM'),
(338, 305, 'Despacho_PM'),
(339, 306, 'Despacho_PM'),
(340, 307, 'Despacho_PM'),
(341, 308, 'Despacho_PM'),
(342, 309, 'Despacho_PM'),
(343, 310, 'Despacho_PM'),
(344, 311, 'Despacho_PM'),
(345, 312, 'Despacho_PM'),
(346, 313, 'Despacho_PM'),
(347, 314, 'Despacho_PM'),
(348, 315, 'Despacho_PM'),
(349, 316, 'Despacho_PM'),
(350, 317, 'Despacho_PM'),
(351, 318, 'Despacho_PM'),
(352, 319, 'Despacho_PM'),
(353, 320, 'Despacho_PM'),
(354, 321, 'Despacho_PM'),
(355, 322, 'Despacho_PM'),
(356, 323, 'Despacho_PM'),
(357, 324, 'Despacho_PM'),
(358, 325, 'Despacho_PM'),
(359, 326, 'Despacho_PM'),
(360, 327, 'Despacho_PM'),
(361, 328, 'Despacho_PM'),
(362, 329, 'Despacho_PM'),
(363, 330, 'Despacho_PM'),
(364, 331, 'Despacho_PM'),
(365, 331, 'Despacho_BM'),
(366, 331, 'Despacho_GCMS'),
(367, 332, 'Despacho_PM'),
(368, 333, 'Despacho_PM'),
(369, 334, 'Despacho_PM'),
(370, 335, 'Despacho_PM'),
(371, 336, 'Despacho_PM'),
(372, 337, 'Despacho_PM'),
(373, 338, 'Despacho_PM'),
(374, 339, 'Despacho_PM'),
(375, 340, 'Despacho_PM'),
(376, 341, 'Despacho_PM'),
(377, 342, 'Despacho_PM'),
(378, 342, 'Despacho_GCMS'),
(379, 343, 'Despacho_PM'),
(380, 343, 'Despacho_BM'),
(381, 343, 'Despacho_GCMS'),
(382, 344, 'Despacho_PM'),
(383, 345, 'Despacho_GCMS'),
(384, 345, 'Despacho_PM'),
(385, 346, 'Despacho_PM'),
(386, 346, 'Despacho_BM'),
(387, 346, 'Despacho_GCMS'),
(388, 347, 'Despacho_PM'),
(389, 347, 'Despacho_BM'),
(390, 347, 'Despacho_GCMS'),
(391, 348, 'Despacho_PM'),
(392, 349, 'Despacho_PM'),
(393, 350, 'Despacho_PM'),
(394, 351, 'Despacho_PM'),
(395, 352, 'Despacho_GCMS'),
(396, 352, 'Despacho_PM'),
(397, 353, 'Despacho_PM'),
(398, 353, 'Despacho_GCMS'),
(399, 354, 'Despacho_PM'),
(400, 354, 'Despacho_GCMS'),
(401, 355, 'Despacho_GCMS'),
(402, 356, 'Despacho_PM'),
(403, 357, 'Despacho_BM'),
(404, 358, 'Despacho_BM'),
(405, 360, 'Despacho_PM'),
(406, 360, 'Despacho_BM'),
(407, 361, 'Despacho_BM'),
(408, 362, 'Despacho_PM'),
(409, 362, 'Despacho_BM'),
(410, 362, 'Despacho_GCMS'),
(411, 363, 'Despacho_BM'),
(412, 364, 'Despacho_PM'),
(413, 365, 'Despacho_PM'),
(414, 366, 'Despacho_PM'),
(415, 367, 'Despacho_PM'),
(416, 368, 'Despacho_PM'),
(417, 369, 'Despacho_PM'),
(418, 370, 'Despacho_PM'),
(419, 371, 'Despacho_PM'),
(420, 372, 'Despacho_PM'),
(421, 373, 'Despacho_PM'),
(422, 374, 'Despacho_PM'),
(423, 375, 'Despacho_PM'),
(424, 376, 'Despacho_PM'),
(425, 377, 'Despacho_PM'),
(426, 378, 'Despacho_PM'),
(427, 379, 'Despacho_PM'),
(428, 380, 'Despacho_PM');

-- --------------------------------------------------------

--
-- Estrutura para tabela `usuarios`
--

CREATE TABLE `usuarios` (
  `id` int(11) NOT NULL,
  `nome` varchar(255) NOT NULL,
  `cpf` varchar(11) NOT NULL,
  `cargo` varchar(20) NOT NULL
) ENGINE=InnoDB DEFAULT CHARSET=utf8mb4 COLLATE=utf8mb4_general_ci;

--
-- Despejando dados para a tabela `usuarios`
--

INSERT INTO `usuarios` (`id`, `nome`, `cpf`, `cargo`) VALUES
(1, 'Thiago.Barbosa', '06334603388', 'Teleatendente'),
(8, 'Thiago.Silva', '063TESTE88', 'Suporte'),
(11, 'PM TESTE', 'PMTESTE', 'Despacho_PM'),
(12, 'BM TESTE', 'BMTESTE', 'Despacho_BM'),
(13, 'GCM TESTE', 'GCMTESTE', 'Despacho_GCMS');

--
-- Índices para tabelas despejadas
--

--
-- Índices de tabela `comentarios`
--
ALTER TABLE `comentarios`
  ADD PRIMARY KEY (`id`),
  ADD KEY `id_ocorrencia` (`id_ocorrencia`),
  ADD KEY `id_usuario` (`id_usuario`);

--
-- Índices de tabela `ocorrencias`
--
ALTER TABLE `ocorrencias`
  ADD PRIMARY KEY (`id`);

--
-- Índices de tabela `ocorrencia_responsavel`
--
ALTER TABLE `ocorrencia_responsavel`
  ADD PRIMARY KEY (`id`),
  ADD KEY `idOcorrencia` (`idOcorrencia`),
  ADD KEY `idTipo` (`idTipo`);

--
-- Índices de tabela `subtipos`
--
ALTER TABLE `subtipos`
  ADD PRIMARY KEY (`idSubtipo`),
  ADD KEY `idTipo` (`idTipo`);

--
-- Índices de tabela `tipos`
--
ALTER TABLE `tipos`
  ADD PRIMARY KEY (`idTipo`);

--
-- Índices de tabela `tipo_responsavel`
--
ALTER TABLE `tipo_responsavel`
  ADD PRIMARY KEY (`id`),
  ADD KEY `idTipo` (`idTipo`);

--
-- Índices de tabela `usuarios`
--
ALTER TABLE `usuarios`
  ADD PRIMARY KEY (`id`),
  ADD UNIQUE KEY `nome` (`nome`) USING BTREE;

--
-- AUTO_INCREMENT para tabelas despejadas
--

--
-- AUTO_INCREMENT de tabela `comentarios`
--
ALTER TABLE `comentarios`
  MODIFY `id` int(11) NOT NULL AUTO_INCREMENT, AUTO_INCREMENT=65;

--
-- AUTO_INCREMENT de tabela `ocorrencias`
--
ALTER TABLE `ocorrencias`
  MODIFY `id` int(11) NOT NULL AUTO_INCREMENT, AUTO_INCREMENT=163;

--
-- AUTO_INCREMENT de tabela `ocorrencia_responsavel`
--
ALTER TABLE `ocorrencia_responsavel`
  MODIFY `id` int(11) NOT NULL AUTO_INCREMENT, AUTO_INCREMENT=25;

--
-- AUTO_INCREMENT de tabela `subtipos`
--
ALTER TABLE `subtipos`
  MODIFY `idSubtipo` int(11) NOT NULL AUTO_INCREMENT, AUTO_INCREMENT=769;

--
-- AUTO_INCREMENT de tabela `tipos`
--
ALTER TABLE `tipos`
  MODIFY `idTipo` int(11) NOT NULL AUTO_INCREMENT, AUTO_INCREMENT=381;

--
-- AUTO_INCREMENT de tabela `tipo_responsavel`
--
ALTER TABLE `tipo_responsavel`
  MODIFY `id` int(11) NOT NULL AUTO_INCREMENT, AUTO_INCREMENT=429;

--
-- AUTO_INCREMENT de tabela `usuarios`
--
ALTER TABLE `usuarios`
  MODIFY `id` int(11) NOT NULL AUTO_INCREMENT, AUTO_INCREMENT=14;

--
-- Restrições para tabelas despejadas
--

--
-- Restrições para tabelas `comentarios`
--
ALTER TABLE `comentarios`
  ADD CONSTRAINT `comentarios_ibfk_1` FOREIGN KEY (`id_ocorrencia`) REFERENCES `ocorrencias` (`id`),
  ADD CONSTRAINT `comentarios_ibfk_2` FOREIGN KEY (`id_usuario`) REFERENCES `usuarios` (`id`);

--
-- Restrições para tabelas `ocorrencia_responsavel`
--
ALTER TABLE `ocorrencia_responsavel`
  ADD CONSTRAINT `ocorrencia_responsavel_ibfk_1` FOREIGN KEY (`idOcorrencia`) REFERENCES `ocorrencias` (`id`),
  ADD CONSTRAINT `ocorrencia_responsavel_ibfk_2` FOREIGN KEY (`idTipo`) REFERENCES `tipo_responsavel` (`idTipo`);

--
-- Restrições para tabelas `subtipos`
--
ALTER TABLE `subtipos`
  ADD CONSTRAINT `subtipos_ibfk_1` FOREIGN KEY (`idTipo`) REFERENCES `tipos` (`idTipo`) ON DELETE CASCADE ON UPDATE CASCADE;

--
-- Restrições para tabelas `tipo_responsavel`
--
ALTER TABLE `tipo_responsavel`
  ADD CONSTRAINT `tipo_responsavel_ibfk_1` FOREIGN KEY (`idTipo`) REFERENCES `tipos` (`idTipo`) ON DELETE CASCADE;
COMMIT;

/*!40101 SET CHARACTER_SET_CLIENT=@OLD_CHARACTER_SET_CLIENT */;
/*!40101 SET CHARACTER_SET_RESULTS=@OLD_CHARACTER_SET_RESULTS */;
/*!40101 SET COLLATION_CONNECTION=@OLD_COLLATION_CONNECTION */;
